-- phpMyAdmin SQL Dump
-- version 5.0.3
-- https://www.phpmyadmin.net/
--
-- Host: 127.0.0.1
-- Generation Time: Mar 29, 2021 at 05:52 PM
-- Server version: 10.4.14-MariaDB
-- PHP Version: 7.2.34

SET SQL_MODE = "NO_AUTO_VALUE_ON_ZERO";
START TRANSACTION;
SET time_zone = "+00:00";


/*!40101 SET @OLD_CHARACTER_SET_CLIENT=@@CHARACTER_SET_CLIENT */;
/*!40101 SET @OLD_CHARACTER_SET_RESULTS=@@CHARACTER_SET_RESULTS */;
/*!40101 SET @OLD_COLLATION_CONNECTION=@@COLLATION_CONNECTION */;
/*!40101 SET NAMES utf8mb4 */;

--
-- Database: `scholarship`
--

-- --------------------------------------------------------

--
-- Table structure for table `disttb`
--

CREATE TABLE `disttb` (
  `DISTRICT_ID` int(5) NOT NULL,
  `DISTRICT_NAME` varchar(50) NOT NULL
) ENGINE=InnoDB DEFAULT CHARSET=utf8;

--
-- Dumping data for table `disttb`
--

INSERT INTO `disttb` (`DISTRICT_ID`, `DISTRICT_NAME`) VALUES
(0, '-'),
(999, 'เขตพระนคร'),
(1000, 'เขตดุสิต'),
(1001, 'เขตหนองจอก'),
(1002, 'เขตบางรัก'),
(1003, 'เขตบางเขน'),
(1004, 'เขตบางกะปิ'),
(1005, 'เขตปทุมวัน'),
(1006, 'เขตป้อมปราบศัตรูพ่าย'),
(1007, 'เขตพระโขนง'),
(1008, 'เขตมีนบุรี'),
(1009, 'เขตลาดกระบัง'),
(1010, 'เขตยานนาวา'),
(1011, 'เขตสัมพันธวงศ์'),
(1012, 'เขตพญาไท'),
(1013, 'เขตธนบุรี'),
(1014, 'เขตบางกอกใหญ่'),
(1015, 'เขตห้วยขวาง'),
(1016, 'เขตคลองสาน'),
(1017, 'เขตตลิ่งชัน'),
(1018, 'เขตบางกอกน้อย'),
(1019, 'เขตบางขุนเทียน'),
(1020, 'เขตภาษีเจริญ'),
(1021, 'เขตหนองแขม'),
(1022, 'เขตราษฎร์บูรณะ'),
(1023, 'เขตบางพลัด'),
(1024, 'เขตดินแดง'),
(1025, 'เขตบึงกุ่ม'),
(1026, 'เขตสาทร'),
(1027, 'เขตบางซื่อ'),
(1028, 'เขตจตุจักร'),
(1029, 'เขตบางคอแหลม'),
(1030, 'เขตประเวศ'),
(1031, 'เขตคลองเตย'),
(1032, 'เขตสวนหลวง'),
(1033, 'เขตจอมทอง'),
(1034, 'เขตดอนเมือง'),
(1035, 'เขตราชเทวี'),
(1036, 'เขตลาดพร้าว'),
(1037, 'เขตวัฒนา'),
(1038, 'เขตบางแค'),
(1039, 'เขตหลักสี่'),
(1040, 'เขตสายไหม'),
(1041, 'เขตคันนายาว'),
(1042, 'เขตสะพานสูง'),
(1043, 'เขตวังทองหลาง'),
(1044, 'เขตคลองสามวา'),
(1045, 'เขตบางนา'),
(1046, 'เขตทวีวัฒนา'),
(1047, 'เขตทุ่งครุ'),
(1048, 'เขตบางบอน'),
(1049, 'บ้านทะวาย'),
(1050, 'เมืองสมุทรปราการ'),
(1051, 'บางบ่อ'),
(1052, 'บางพลี'),
(1053, 'พระประแดง'),
(1054, 'พระสมุทรเจดีย์'),
(1055, 'บางเสาธง'),
(1056, 'เมืองนนทบุรี'),
(1057, 'บางกรวย'),
(1058, 'บางใหญ่'),
(1059, 'บางบัวทอง'),
(1060, 'ไทรน้อย'),
(1061, 'ปากเกร็ด'),
(1062, 'เทศบาลนครนนทบุรี (สาขาแขวงท่าทราย)*'),
(1063, 'เทศบาลเมืองปากเกร็ด*'),
(1064, 'เมืองปทุมธานี'),
(1065, 'คลองหลวง'),
(1066, 'ธัญบุรี'),
(1067, 'หนองเสือ'),
(1068, 'ลาดหลุมแก้ว'),
(1069, 'ลำลูกกา'),
(1070, 'สามโคก'),
(1071, 'ลำลูกกา (สาขาตำบลคูคต)*'),
(1072, 'พระนครศรีอยุธยา'),
(1073, 'ท่าเรือ'),
(1074, 'นครหลวง'),
(1075, 'บางไทร'),
(1076, 'บางบาล'),
(1077, 'บางปะอิน'),
(1078, 'บางปะหัน'),
(1079, 'ผักไห่'),
(1080, 'ภาชี'),
(1081, 'ลาดบัวหลวง'),
(1082, 'วังน้อย'),
(1083, 'เสนา'),
(1084, 'บางซ้าย'),
(1085, 'อุทัย'),
(1086, 'มหาราช'),
(1087, 'บ้านแพรก'),
(1088, 'เมืองอ่างทอง'),
(1089, 'ไชโย'),
(1090, 'ป่าโมก'),
(1091, 'โพธิ์ทอง'),
(1092, 'แสวงหา'),
(1093, 'วิเศษชัยชาญ'),
(1094, 'สามโก้'),
(1095, 'เมืองลพบุรี'),
(1096, 'พัฒนานิคม'),
(1097, 'โคกสำโรง'),
(1098, 'ชัยบาดาล'),
(1099, 'ท่าวุ้ง'),
(1100, 'บ้านหมี่'),
(1101, 'ท่าหลวง'),
(1102, 'สระโบสถ์'),
(1103, 'โคกเจริญ'),
(1104, 'ลำสนธิ'),
(1105, 'หนองม่วง'),
(1106, 'อ.บ้านเช่า  จ.ลพบุรี'),
(1107, 'เมืองสิงห์บุรี'),
(1108, 'บางระจัน'),
(1109, 'ค่ายบางระจัน'),
(1110, 'พรหมบุรี'),
(1111, 'ท่าช้าง'),
(1112, 'อินทร์บุรี'),
(1113, 'เมืองชัยนาท'),
(1114, 'มโนรมย์'),
(1115, 'วัดสิงห์'),
(1116, 'สรรพยา'),
(1117, 'สรรคบุรี'),
(1118, 'หันคา'),
(1119, 'หนองมะโมง'),
(1120, 'เนินขาม'),
(1121, 'เมืองสระบุรี'),
(1122, 'แก่งคอย'),
(1123, 'หนองแค'),
(1124, 'วิหารแดง'),
(1125, 'หนองแซง'),
(1126, 'บ้านหมอ'),
(1127, 'ดอนพุด'),
(1128, 'หนองโดน'),
(1129, 'พระพุทธบาท'),
(1130, 'เสาไห้'),
(1131, 'มวกเหล็ก'),
(1132, 'วังม่วง'),
(1133, 'เฉลิมพระเกียรติ'),
(1134, 'เมืองชลบุรี'),
(1135, 'บ้านบึง'),
(1136, 'หนองใหญ่'),
(1137, 'บางละมุง'),
(1138, 'พานทอง'),
(1139, 'พนัสนิคม'),
(1140, 'ศรีราชา'),
(1141, 'เกาะสีชัง'),
(1142, 'สัตหีบ'),
(1143, 'บ่อทอง'),
(1144, 'เกาะจันทร์'),
(1145, 'สัตหีบ (สาขาตำบลบางเสร่)*'),
(1146, 'ท้องถิ่นเทศบาลเมืองหนองปรือ*'),
(1147, 'เทศบาลตำบลแหลมฉบัง*'),
(1148, 'เทศบาลเมืองชลบุรี*'),
(1149, 'เมืองระยอง'),
(1150, 'บ้านฉาง'),
(1151, 'แกลง'),
(1152, 'วังจันทร์'),
(1153, 'บ้านค่าย'),
(1154, 'ปลวกแดง'),
(1155, 'เขาชะเมา'),
(1156, 'นิคมพัฒนา'),
(1157, 'สาขาตำบลมาบข่า*'),
(1158, 'เมืองจันทบุรี'),
(1159, 'ขลุง'),
(1160, 'ท่าใหม่'),
(1161, 'โป่งน้ำร้อน'),
(1162, 'มะขาม'),
(1163, 'แหลมสิงห์'),
(1164, 'สอยดาว'),
(1165, 'แก่งหางแมว'),
(1166, 'นายายอาม'),
(1167, 'เขาคิชฌกูฏ'),
(1168, 'กิ่ง อ.กำพุธ  จ.จันทบุรี'),
(1169, 'เมืองตราด'),
(1170, 'คลองใหญ่'),
(1171, 'เขาสมิง'),
(1172, 'บ่อไร่'),
(1173, 'แหลมงอบ'),
(1174, 'เกาะกูด'),
(1175, 'เกาะช้าง'),
(1176, 'เมืองฉะเชิงเทรา'),
(1177, 'บางคล้า'),
(1178, 'บางน้ำเปรี้ยว'),
(1179, 'บางปะกง'),
(1180, 'บ้านโพธิ์'),
(1181, 'พนมสารคาม'),
(1182, 'ราชสาส์น'),
(1183, 'สนามชัยเขต'),
(1184, 'แปลงยาว'),
(1185, 'ท่าตะเกียบ'),
(1186, 'คลองเขื่อน'),
(1187, 'เมืองปราจีนบุรี'),
(1188, 'กบินทร์บุรี'),
(1189, 'นาดี'),
(1190, 'สระแก้ว'),
(1191, 'วังน้ำเย็น'),
(1192, 'บ้านสร้าง'),
(1193, 'ประจันตคาม'),
(1194, 'ศรีมหาโพธิ'),
(1195, 'ศรีมโหสถ'),
(1196, 'อรัญประเทศ'),
(1197, 'ตาพระยา'),
(1198, 'วัฒนานคร'),
(1199, 'คลองหาด'),
(1200, 'เมืองนครนายก'),
(1201, 'ปากพลี'),
(1202, 'บ้านนา'),
(1203, 'องครักษ์'),
(1204, 'เมืองสระแก้ว'),
(1205, 'คลองหาด'),
(1206, 'ตาพระยา'),
(1207, 'วังน้ำเย็น'),
(1208, 'วัฒนานคร'),
(1209, 'อรัญประเทศ'),
(1210, 'เขาฉกรรจ์'),
(1211, 'โคกสูง'),
(1212, 'วังสมบูรณ์'),
(1213, 'เมืองนครราชสีมา'),
(1214, 'ครบุรี'),
(1215, 'เสิงสาง'),
(1216, 'คง'),
(1217, 'บ้านเหลื่อม'),
(1218, 'จักราช'),
(1219, 'โชคชัย'),
(1220, 'ด่านขุนทด'),
(1221, 'โนนไทย'),
(1222, 'โนนสูง'),
(1223, 'ขามสะแกแสง'),
(1224, 'บัวใหญ่'),
(1225, 'ประทาย'),
(1226, 'ปักธงชัย'),
(1227, 'พิมาย'),
(1228, 'ห้วยแถลง'),
(1229, 'ชุมพวง'),
(1230, 'สูงเนิน'),
(1231, 'ขามทะเลสอ'),
(1232, 'สีคิ้ว'),
(1233, 'ปากช่อง'),
(1234, 'หนองบุญมาก'),
(1235, 'แก้งสนามนาง'),
(1236, 'โนนแดง'),
(1237, 'วังน้ำเขียว'),
(1238, 'เทพารักษ์'),
(1239, 'เมืองยาง'),
(1240, 'พระทองคำ'),
(1241, 'ลำทะเมนชัย'),
(1242, 'บัวลาย'),
(1243, 'สีดา'),
(1244, 'เฉลิมพระเกียรติ'),
(1245, 'ท้องถิ่นเทศบาลตำบลโพธิ์กลาง*'),
(1246, 'สาขาตำบลมะค่า-พลสงคราม*'),
(1247, 'โนนลาว'),
(1248, 'เมืองบุรีรัมย์'),
(1249, 'คูเมือง'),
(1250, 'กระสัง'),
(1251, 'นางรอง'),
(1252, 'หนองกี่'),
(1253, 'ละหานทราย'),
(1254, 'ประโคนชัย'),
(1255, 'บ้านกรวด'),
(1256, 'พุทไธสง'),
(1257, 'ลำปลายมาศ'),
(1258, 'สตึก'),
(1259, 'ปะคำ'),
(1260, 'นาโพธิ์'),
(1261, 'หนองหงส์'),
(1262, 'พลับพลาชัย'),
(1263, 'ห้วยราช'),
(1264, 'โนนสุวรรณ'),
(1265, 'ชำนิ'),
(1266, 'บ้านใหม่ไชยพจน์'),
(1267, 'โนนดินแดง'),
(1268, 'บ้านด่าน'),
(1269, 'แคนดง'),
(1270, 'เฉลิมพระเกียรติ'),
(1271, 'เมืองสุรินทร์'),
(1272, 'ชุมพลบุรี'),
(1273, 'ท่าตูม'),
(1274, 'จอมพระ'),
(1275, 'ปราสาท'),
(1276, 'กาบเชิง'),
(1277, 'รัตนบุรี'),
(1278, 'สนม'),
(1279, 'ศีขรภูมิ'),
(1280, 'สังขะ'),
(1281, 'ลำดวน'),
(1282, 'สำโรงทาบ'),
(1283, 'บัวเชด'),
(1284, 'พนมดงรัก'),
(1285, 'ศรีณรงค์'),
(1286, 'เขวาสินรินทร์'),
(1287, 'โนนนารายณ์'),
(1288, 'เมืองศรีสะเกษ'),
(1289, 'ยางชุมน้อย'),
(1290, 'กันทรารมย์'),
(1291, 'กันทรลักษ์'),
(1292, 'ขุขันธ์'),
(1293, 'ไพรบึง'),
(1294, 'ปรางค์กู่'),
(1295, 'ขุนหาญ'),
(1296, 'ราษีไศล'),
(1297, 'อุทุมพรพิสัย'),
(1298, 'บึงบูรพ์'),
(1299, 'ห้วยทับทัน'),
(1300, 'โนนคูณ'),
(1301, 'ศรีรัตนะ'),
(1302, 'น้ำเกลี้ยง'),
(1303, 'วังหิน'),
(1304, 'ภูสิงห์'),
(1305, 'เมืองจันทร์'),
(1306, 'เบญจลักษ์'),
(1307, 'พยุห์'),
(1308, 'โพธิ์ศรีสุวรรณ'),
(1309, 'ศิลาลาด'),
(1310, 'เมืองอุบลราชธานี'),
(1311, 'ศรีเมืองใหม่'),
(1312, 'โขงเจียม'),
(1313, 'เขื่องใน'),
(1314, 'เขมราฐ'),
(1315, 'ชานุมาน'),
(1316, 'เดชอุดม'),
(1317, 'นาจะหลวย'),
(1318, 'น้ำยืน'),
(1319, 'บุณฑริก'),
(1320, 'ตระการพืชผล'),
(1321, 'กุดข้าวปุ้น'),
(1322, 'พนา'),
(1323, 'ม่วงสามสิบ'),
(1324, 'วารินชำราบ'),
(1325, 'อำนาจเจริญ'),
(1326, 'เสนางคนิคม'),
(1327, 'หัวตะพาน'),
(1328, 'พิบูลมังสาหาร'),
(1329, 'ตาลสุม'),
(1330, 'โพธิ์ไทร'),
(1331, 'สำโรง'),
(1332, 'กิ่งอำเภอลืออำนาจ'),
(1333, 'ดอนมดแดง'),
(1334, 'สิรินธร'),
(1335, 'ทุ่งศรีอุดม'),
(1336, 'ปทุมราชวงศา'),
(1337, 'กิ่งอำเภอศรีหลักชัย'),
(1338, 'นาเยีย'),
(1339, 'นาตาล'),
(1340, 'เหล่าเสือโก้ก'),
(1341, 'สว่างวีระวงศ์'),
(1342, 'น้ำขุ่น'),
(1343, 'อ.สุวรรณวารี  จ.อุบลราชธานี'),
(1344, 'เมืองยโสธร'),
(1345, 'ทรายมูล'),
(1346, 'กุดชุม'),
(1347, 'คำเขื่อนแก้ว'),
(1348, 'ป่าติ้ว'),
(1349, 'มหาชนะชัย'),
(1350, 'ค้อวัง'),
(1351, 'เลิงนกทา'),
(1352, 'ไทยเจริญ'),
(1353, 'เมืองชัยภูมิ'),
(1354, 'บ้านเขว้า'),
(1355, 'คอนสวรรค์'),
(1356, 'เกษตรสมบูรณ์'),
(1357, 'หนองบัวแดง'),
(1358, 'จัตุรัส'),
(1359, 'บำเหน็จณรงค์'),
(1360, 'หนองบัวระเหว'),
(1361, 'เทพสถิต'),
(1362, 'ภูเขียว'),
(1363, 'บ้านแท่น'),
(1364, 'แก้งคร้อ'),
(1365, 'คอนสาร'),
(1366, 'ภักดีชุมพล'),
(1367, 'เนินสง่า'),
(1368, 'ซับใหญ่'),
(1369, 'เมืองชัยภูมิ (สาขาตำบลโนนสำราญ)*'),
(1370, 'สาขาตำบลบ้านหว่าเฒ่า*'),
(1371, 'หนองบัวแดง (สาขาตำบลวังชมภู)*'),
(1372, 'กิ่งอำเภอซับใหญ่ (สาขาตำบลซับใหญ่)*'),
(1373, 'สาขาตำบลโคกเพชร*'),
(1374, 'เทพสถิต (สาขาตำบลนายางกลัก)*'),
(1375, 'บ้านแท่น (สาขาตำบลบ้านเต่า)*'),
(1376, 'แก้งคร้อ (สาขาตำบลท่ามะไฟหวาน)*'),
(1377, 'คอนสาร (สาขาตำบลโนนคูณ)*'),
(1378, 'เมืองอำนาจเจริญ'),
(1379, 'ชานุมาน'),
(1380, 'ปทุมราชวงศา'),
(1381, 'พนา'),
(1382, 'เสนางคนิคม'),
(1383, 'หัวตะพาน'),
(1384, 'ลืออำนาจ'),
(1385, 'เมืองหนองบัวลำภู'),
(1386, 'นากลาง'),
(1387, 'โนนสัง'),
(1388, 'ศรีบุญเรือง'),
(1389, 'สุวรรณคูหา'),
(1390, 'นาวัง'),
(1391, 'เมืองขอนแก่น'),
(1392, 'บ้านฝาง'),
(1393, 'พระยืน'),
(1394, 'หนองเรือ'),
(1395, 'ชุมแพ'),
(1396, 'สีชมพู'),
(1397, 'น้ำพอง'),
(1398, 'อุบลรัตน์'),
(1399, 'กระนวน'),
(1400, 'บ้านไผ่'),
(1401, 'เปือยน้อย'),
(1402, 'พล'),
(1403, 'แวงใหญ่'),
(1404, 'แวงน้อย'),
(1405, 'หนองสองห้อง'),
(1406, 'ภูเวียง'),
(1407, 'มัญจาคีรี'),
(1408, 'ชนบท'),
(1409, 'เขาสวนกวาง'),
(1410, 'ภูผาม่าน'),
(1411, 'ซำสูง'),
(1412, 'โคกโพธิ์ไชย'),
(1413, 'หนองนาคำ'),
(1414, 'บ้านแฮด'),
(1415, 'โนนศิลา'),
(1416, 'เวียงเก่า'),
(1417, 'ท้องถิ่นเทศบาลตำบลบ้านเป็ด*'),
(1418, 'เทศบาลตำบลเมืองพล*'),
(1419, 'เมืองอุดรธานี'),
(1420, 'กุดจับ'),
(1421, 'หนองวัวซอ'),
(1422, 'กุมภวาปี'),
(1423, 'โนนสะอาด'),
(1424, 'หนองหาน'),
(1425, 'ทุ่งฝน'),
(1426, 'ไชยวาน'),
(1427, 'ศรีธาตุ'),
(1428, 'วังสามหมอ'),
(1429, 'บ้านดุง'),
(1430, 'หนองบัวลำภู'),
(1431, 'ศรีบุญเรือง'),
(1432, 'นากลาง'),
(1433, 'สุวรรณคูหา'),
(1434, 'โนนสัง'),
(1435, 'บ้านผือ'),
(1436, 'น้ำโสม'),
(1437, 'เพ็ญ'),
(1438, 'สร้างคอม'),
(1439, 'หนองแสง'),
(1440, 'นายูง'),
(1441, 'พิบูลย์รักษ์'),
(1442, 'กู่แก้ว'),
(1443, 'ประจักษ์ศิลปาคม'),
(1444, 'เมืองเลย'),
(1445, 'นาด้วง'),
(1446, 'เชียงคาน'),
(1447, 'ปากชม'),
(1448, 'ด่านซ้าย'),
(1449, 'นาแห้ว'),
(1450, 'ภูเรือ'),
(1451, 'ท่าลี่'),
(1452, 'วังสะพุง'),
(1453, 'ภูกระดึง'),
(1454, 'ภูหลวง'),
(1455, 'ผาขาว'),
(1456, 'เอราวัณ'),
(1457, 'หนองหิน'),
(1458, 'เมืองหนองคาย'),
(1459, 'ท่าบ่อ'),
(1460, 'โพนพิสัย'),
(1461, 'ศรีเชียงใหม่'),
(1462, 'สังคม'),
(1463, 'สระใคร'),
(1464, 'เฝ้าไร่'),
(1465, 'รัตนวาปี'),
(1466, 'โพธิ์ตาก'),
(1467, 'เมืองมหาสารคาม'),
(1468, 'แกดำ'),
(1469, 'โกสุมพิสัย'),
(1470, 'กันทรวิชัย'),
(1471, 'เชียงยืน'),
(1472, 'บรบือ'),
(1473, 'นาเชือก'),
(1474, 'พยัคฆภูมิพิสัย'),
(1475, 'วาปีปทุม'),
(1476, 'นาดูน'),
(1477, 'ยางสีสุราช'),
(1478, 'กุดรัง'),
(1479, 'ชื่นชม'),
(1480, 'หลุบ'),
(1481, 'เมืองร้อยเอ็ด'),
(1482, 'เกษตรวิสัย'),
(1483, 'ปทุมรัตต์'),
(1484, 'จตุรพักตรพิมาน'),
(1485, 'ธวัชบุรี'),
(1486, 'พนมไพร'),
(1487, 'โพนทอง'),
(1488, 'โพธิ์ชัย'),
(1489, 'หนองพอก'),
(1490, 'เสลภูมิ'),
(1491, 'สุวรรณภูมิ'),
(1492, 'เมืองสรวง'),
(1493, 'โพนทราย'),
(1494, 'อาจสามารถ'),
(1495, 'เมยวดี'),
(1496, 'ศรีสมเด็จ'),
(1497, 'จังหาร'),
(1498, 'เชียงขวัญ'),
(1499, 'หนองฮี'),
(1500, 'ทุ่งเขาหลวง'),
(1501, 'เมืองกาฬสินธุ์'),
(1502, 'นามน'),
(1503, 'กมลาไสย'),
(1504, 'ร่องคำ'),
(1505, 'กุฉินารายณ์'),
(1506, 'เขาวง'),
(1507, 'ยางตลาด'),
(1508, 'ห้วยเม็ก'),
(1509, 'สหัสขันธ์'),
(1510, 'คำม่วง'),
(1511, 'ท่าคันโท'),
(1512, 'หนองกุงศรี'),
(1513, 'สมเด็จ'),
(1514, 'ห้วยผึ้ง'),
(1515, 'สามชัย'),
(1516, 'นาคู'),
(1517, 'ดอนจาน'),
(1518, 'ฆ้องชัย'),
(1519, 'เมืองสกลนคร'),
(1520, 'กุสุมาลย์'),
(1521, 'กุดบาก'),
(1522, 'พรรณานิคม'),
(1523, 'พังโคน'),
(1524, 'วาริชภูมิ'),
(1525, 'นิคมน้ำอูน'),
(1526, 'วานรนิวาส'),
(1527, 'คำตากล้า'),
(1528, 'บ้านม่วง'),
(1529, 'อากาศอำนวย'),
(1530, 'สว่างแดนดิน'),
(1531, 'ส่องดาว'),
(1532, 'เต่างอย'),
(1533, 'โคกศรีสุพรรณ'),
(1534, 'เจริญศิลป์'),
(1535, 'โพนนาแก้ว'),
(1536, 'ภูพาน'),
(1537, 'วานรนิวาส (สาขาตำบลกุดเรือคำ)*'),
(1538, 'อ.บ้านหัน  จ.สกลนคร'),
(1539, 'เมืองนครพนม'),
(1540, 'ปลาปาก'),
(1541, 'ท่าอุเทน'),
(1542, 'บ้านแพง'),
(1543, 'ธาตุพนม'),
(1544, 'เรณูนคร'),
(1545, 'นาแก'),
(1546, 'ศรีสงคราม'),
(1547, 'นาหว้า'),
(1548, 'โพนสวรรค์'),
(1549, 'นาทม'),
(1550, 'วังยาง'),
(1551, 'เมืองมุกดาหาร'),
(1552, 'นิคมคำสร้อย'),
(1553, 'ดอนตาล'),
(1554, 'ดงหลวง'),
(1555, 'คำชะอี'),
(1556, 'หว้านใหญ่'),
(1557, 'หนองสูง'),
(1558, 'เมืองเชียงใหม่'),
(1559, 'จอมทอง'),
(1560, 'แม่แจ่ม'),
(1561, 'เชียงดาว'),
(1562, 'ดอยสะเก็ด'),
(1563, 'แม่แตง'),
(1564, 'แม่ริม'),
(1565, 'สะเมิง'),
(1566, 'ฝาง'),
(1567, 'แม่อาย'),
(1568, 'พร้าว'),
(1569, 'สันป่าตอง'),
(1570, 'สันกำแพง'),
(1571, 'สันทราย'),
(1572, 'หางดง'),
(1573, 'ฮอด'),
(1574, 'ดอยเต่า'),
(1575, 'อมก๋อย'),
(1576, 'สารภี'),
(1577, 'เวียงแหง'),
(1578, 'ไชยปราการ'),
(1579, 'แม่วาง'),
(1580, 'แม่ออน'),
(1581, 'ดอยหล่อ'),
(1582, 'เทศบาลนครเชียงใหม่ (สาขาแขวงกาลวิละ)*'),
(1583, 'เทศบาลนครเชียงใหม่ (สาขาแขวงศรีวิชั)*'),
(1584, 'เทศบาลนครเชียงใหม่ (สาขาเม็งราย)*'),
(1585, 'เมืองลำพูน'),
(1586, 'แม่ทา'),
(1587, 'บ้านโฮ่ง'),
(1588, 'ลี้'),
(1589, 'ทุ่งหัวช้าง'),
(1590, 'ป่าซาง'),
(1591, 'บ้านธิ'),
(1592, 'เวียงหนองล่อง'),
(1593, 'เมืองลำปาง'),
(1594, 'แม่เมาะ'),
(1595, 'เกาะคา'),
(1596, 'เสริมงาม'),
(1597, 'งาว'),
(1598, 'แจ้ห่ม'),
(1599, 'วังเหนือ'),
(1600, 'เถิน'),
(1601, 'แม่พริก'),
(1602, 'แม่ทะ'),
(1603, 'สบปราบ'),
(1604, 'ห้างฉัตร'),
(1605, 'เมืองปาน'),
(1606, 'เมืองอุตรดิตถ์'),
(1607, 'ตรอน'),
(1608, 'ท่าปลา'),
(1609, 'น้ำปาด'),
(1610, 'ฟากท่า'),
(1611, 'บ้านโคก'),
(1612, 'พิชัย'),
(1613, 'ลับแล'),
(1614, 'ทองแสนขัน'),
(1615, 'เมืองแพร่'),
(1616, 'ร้องกวาง'),
(1617, 'ลอง'),
(1618, 'สูงเม่น'),
(1619, 'เด่นชัย'),
(1620, 'สอง'),
(1621, 'วังชิ้น'),
(1622, 'หนองม่วงไข่'),
(1623, 'เมืองน่าน'),
(1624, 'แม่จริม'),
(1625, 'บ้านหลวง'),
(1626, 'นาน้อย'),
(1627, 'ปัว'),
(1628, 'ท่าวังผา'),
(1629, 'เวียงสา'),
(1630, 'ทุ่งช้าง'),
(1631, 'เชียงกลาง'),
(1632, 'นาหมื่น'),
(1633, 'สันติสุข'),
(1634, 'บ่อเกลือ'),
(1635, 'สองแคว'),
(1636, 'ภูเพียง'),
(1637, 'เฉลิมพระเกียรติ'),
(1638, 'เมืองพะเยา'),
(1639, 'จุน'),
(1640, 'เชียงคำ'),
(1641, 'เชียงม่วน'),
(1642, 'ดอกคำใต้'),
(1643, 'ปง'),
(1644, 'แม่ใจ'),
(1645, 'ภูซาง'),
(1646, 'ภูกามยาว'),
(1647, 'เมืองเชียงราย'),
(1648, 'เวียงชัย'),
(1649, 'เชียงของ'),
(1650, 'เทิง'),
(1651, 'พาน'),
(1652, 'ป่าแดด'),
(1653, 'แม่จัน'),
(1654, 'เชียงแสน'),
(1655, 'แม่สาย'),
(1656, 'แม่สรวย'),
(1657, 'เวียงป่าเป้า'),
(1658, 'พญาเม็งราย'),
(1659, 'เวียงแก่น'),
(1660, 'ขุนตาล'),
(1661, 'แม่ฟ้าหลวง'),
(1662, 'แม่ลาว'),
(1663, 'เวียงเชียงรุ้ง'),
(1664, 'ดอยหลวง'),
(1665, 'เมืองแม่ฮ่องสอน'),
(1666, 'ขุนยวม'),
(1667, 'ปาย'),
(1668, 'แม่สะเรียง'),
(1669, 'แม่ลาน้อย'),
(1670, 'สบเมย'),
(1671, 'ปางมะผ้า'),
(1672, 'อ.ม่วยต่อ  จ.แม่ฮ่องสอน'),
(1673, 'เมืองนครสวรรค์'),
(1674, 'โกรกพระ'),
(1675, 'ชุมแสง'),
(1676, 'หนองบัว'),
(1677, 'บรรพตพิสัย'),
(1678, 'เก้าเลี้ยว'),
(1679, 'ตาคลี'),
(1680, 'ท่าตะโก'),
(1681, 'ไพศาลี'),
(1682, 'พยุหะคีรี'),
(1683, 'ลาดยาว'),
(1684, 'ตากฟ้า'),
(1685, 'แม่วงก์'),
(1686, 'แม่เปิน'),
(1687, 'ชุมตาบง'),
(1688, 'สาขาตำบลห้วยน้ำหอม*'),
(1689, 'กิ่งอำเภอชุมตาบง (สาขาตำบลชุมตาบง)*'),
(1690, 'แม่วงก์ (สาขาตำบลแม่เล่ย์)*'),
(1691, 'เมืองอุทัยธานี'),
(1692, 'ทัพทัน'),
(1693, 'สว่างอารมณ์'),
(1694, 'หนองฉาง'),
(1695, 'หนองขาหย่าง'),
(1696, 'บ้านไร่'),
(1697, 'ลานสัก'),
(1698, 'ห้วยคต'),
(1699, 'เมืองกำแพงเพชร'),
(1700, 'ไทรงาม'),
(1701, 'คลองลาน'),
(1702, 'ขาณุวรลักษบุรี'),
(1703, 'คลองขลุง'),
(1704, 'พรานกระต่าย'),
(1705, 'ลานกระบือ'),
(1706, 'ทรายทองวัฒนา'),
(1707, 'ปางศิลาทอง'),
(1708, 'บึงสามัคคี'),
(1709, 'โกสัมพีนคร'),
(1710, 'เมืองตาก'),
(1711, 'บ้านตาก'),
(1712, 'สามเงา'),
(1713, 'แม่ระมาด'),
(1714, 'ท่าสองยาง'),
(1715, 'แม่สอด'),
(1716, 'พบพระ'),
(1717, 'อุ้มผาง'),
(1718, 'วังเจ้า'),
(1719, 'กิ่ง อ.ท่าปุย  จ.ตาก'),
(1720, 'เมืองสุโขทัย'),
(1721, 'บ้านด่านลานหอย'),
(1722, 'คีรีมาศ'),
(1723, 'กงไกรลาศ'),
(1724, 'ศรีสัชนาลัย'),
(1725, 'ศรีสำโรง'),
(1726, 'สวรรคโลก'),
(1727, 'ศรีนคร'),
(1728, 'ทุ่งเสลี่ยม'),
(1729, 'เมืองพิษณุโลก'),
(1730, 'นครไทย'),
(1731, 'ชาติตระการ'),
(1732, 'บางระกำ'),
(1733, 'บางกระทุ่ม'),
(1734, 'พรหมพิราม'),
(1735, 'วัดโบสถ์'),
(1736, 'วังทอง'),
(1737, 'เนินมะปราง'),
(1738, 'เมืองพิจิตร'),
(1739, 'วังทรายพูน'),
(1740, 'โพธิ์ประทับช้าง'),
(1741, 'ตะพานหิน'),
(1742, 'บางมูลนาก'),
(1743, 'โพทะเล'),
(1744, 'สามง่าม'),
(1745, 'ทับคล้อ'),
(1746, 'สากเหล็ก'),
(1747, 'บึงนาราง'),
(1748, 'ดงเจริญ'),
(1749, 'วชิรบารมี'),
(1750, 'เมืองเพชรบูรณ์'),
(1751, 'ชนแดน'),
(1752, 'หล่มสัก'),
(1753, 'หล่มเก่า'),
(1754, 'วิเชียรบุรี'),
(1755, 'ศรีเทพ'),
(1756, 'หนองไผ่'),
(1757, 'บึงสามพัน'),
(1758, 'น้ำหนาว'),
(1759, 'วังโป่ง'),
(1760, 'เขาค้อ'),
(1761, 'เมืองราชบุรี'),
(1762, 'จอมบึง'),
(1763, 'สวนผึ้ง'),
(1764, 'ดำเนินสะดวก'),
(1765, 'บ้านโป่ง'),
(1766, 'บางแพ'),
(1767, 'โพธาราม'),
(1768, 'ปากท่อ'),
(1769, 'วัดเพลง'),
(1770, 'บ้านคา'),
(1771, 'ท้องถิ่นเทศบาลตำบลบ้านฆ้อง'),
(1772, 'เมืองกาญจนบุรี'),
(1773, 'ไทรโยค'),
(1774, 'บ่อพลอย'),
(1775, 'ศรีสวัสดิ์'),
(1776, 'ท่ามะกา'),
(1777, 'ท่าม่วง'),
(1778, 'ทองผาภูมิ'),
(1779, 'สังขละบุรี'),
(1780, 'พนมทวน'),
(1781, 'เลาขวัญ'),
(1782, 'ด่านมะขามเตี้ย'),
(1783, 'หนองปรือ'),
(1784, 'ห้วยกระเจา'),
(1785, 'สาขาตำบลท่ากระดาน*'),
(1786, 'บ้านทวน  จ.กาญจนบุรี'),
(1787, 'เมืองสุพรรณบุรี'),
(1788, 'เดิมบางนางบวช'),
(1789, 'ด่านช้าง'),
(1790, 'บางปลาม้า'),
(1791, 'ศรีประจันต์'),
(1792, 'ดอนเจดีย์'),
(1793, 'สองพี่น้อง'),
(1794, 'สามชุก'),
(1795, 'อู่ทอง'),
(1796, 'หนองหญ้าไซ'),
(1797, 'เมืองนครปฐม'),
(1798, 'กำแพงแสน'),
(1799, 'นครชัยศรี'),
(1800, 'ดอนตูม'),
(1801, 'บางเลน'),
(1802, 'สามพราน'),
(1803, 'พุทธมณฑล'),
(1804, 'เมืองสมุทรสาคร'),
(1805, 'กระทุ่มแบน'),
(1806, 'บ้านแพ้ว'),
(1807, 'เมืองสมุทรสงคราม'),
(1808, 'บางคนที'),
(1809, 'อัมพวา'),
(1810, 'เมืองเพชรบุรี'),
(1811, 'เขาย้อย'),
(1812, 'หนองหญ้าปล้อง'),
(1813, 'ชะอำ'),
(1814, 'ท่ายาง'),
(1815, 'บ้านลาด'),
(1816, 'บ้านแหลม'),
(1817, 'แก่งกระจาน'),
(1818, 'เมืองประจวบคีรีขันธ์'),
(1819, 'กุยบุรี'),
(1820, 'ทับสะแก'),
(1821, 'บางสะพาน'),
(1822, 'บางสะพานน้อย'),
(1823, 'ปราณบุรี'),
(1824, 'หัวหิน'),
(1825, 'สามร้อยยอด'),
(1826, 'เมืองนครศรีธรรมราช'),
(1827, 'พรหมคีรี'),
(1828, 'ลานสกา'),
(1829, 'ฉวาง'),
(1830, 'พิปูน'),
(1831, 'เชียรใหญ่'),
(1832, 'ชะอวด'),
(1833, 'ท่าศาลา'),
(1834, 'ทุ่งสง'),
(1835, 'นาบอน'),
(1836, 'ทุ่งใหญ่'),
(1837, 'ปากพนัง'),
(1838, 'ร่อนพิบูลย์'),
(1839, 'สิชล'),
(1840, 'ขนอม'),
(1841, 'หัวไทร'),
(1842, 'บางขัน'),
(1843, 'ถ้ำพรรณรา'),
(1844, 'จุฬาภรณ์'),
(1845, 'พระพรหม'),
(1846, 'นบพิตำ'),
(1847, 'ช้างกลาง'),
(1848, 'เฉลิมพระเกียรติ'),
(1849, 'เชียรใหญ่ (สาขาตำบลเสือหึง)*'),
(1850, 'สาขาตำบลสวนหลวง**'),
(1851, 'ร่อนพิบูลย์ (สาขาตำบลหินตก)*'),
(1852, 'หัวไทร (สาขาตำบลควนชะลิก)*'),
(1853, 'ทุ่งสง (สาขาตำบลกะปาง)*'),
(1854, 'เมืองกระบี่'),
(1855, 'เขาพนม'),
(1856, 'เกาะลันตา'),
(1857, 'คลองท่อม'),
(1858, 'อ่าวลึก'),
(1859, 'ปลายพระยา'),
(1860, 'ลำทับ'),
(1861, 'เหนือคลอง'),
(1862, 'เมืองพังงา'),
(1863, 'เกาะยาว'),
(1864, 'กะปง'),
(1865, 'ตะกั่วทุ่ง'),
(1866, 'ตะกั่วป่า'),
(1867, 'คุระบุรี'),
(1868, 'ทับปุด'),
(1869, 'ท้ายเหมือง'),
(1870, 'เมืองภูเก็ต'),
(1871, 'กะทู้'),
(1872, 'ถลาง'),
(1873, 'ทุ่งคา'),
(1874, 'เมืองสุราษฎร์ธานี'),
(1875, 'กาญจนดิษฐ์'),
(1876, 'ดอนสัก'),
(1877, 'เกาะสมุย'),
(1878, 'เกาะพะงัน'),
(1879, 'ไชยา'),
(1880, 'ท่าชนะ'),
(1881, 'คีรีรัฐนิคม'),
(1882, 'บ้านตาขุน'),
(1883, 'พนม'),
(1884, 'ท่าฉาง'),
(1885, 'บ้านนาสาร'),
(1886, 'บ้านนาเดิม'),
(1887, 'เคียนซา'),
(1888, 'เวียงสระ'),
(1889, 'พระแสง'),
(1890, 'พุนพิน'),
(1891, 'ชัยบุรี'),
(1892, 'วิภาวดี'),
(1893, 'เกาะพงัน (สาขาตำบลเกาะเต่า)*'),
(1894, 'อ.บ้านดอน  จ.สุราษฎร์ธานี'),
(1895, 'เมืองระนอง'),
(1896, 'ละอุ่น'),
(1897, 'กะเปอร์'),
(1898, 'กระบุรี'),
(1899, 'สุขสำราญ'),
(1900, 'เมืองชุมพร'),
(1901, 'ท่าแซะ'),
(1902, 'ปะทิว'),
(1903, 'หลังสวน'),
(1904, 'ละแม'),
(1905, 'พะโต๊ะ'),
(1906, 'สวี'),
(1907, 'ทุ่งตะโก'),
(1908, 'เมืองสงขลา'),
(1909, 'สทิงพระ'),
(1910, 'จะนะ'),
(1911, 'นาทวี'),
(1912, 'เทพา'),
(1913, 'สะบ้าย้อย'),
(1914, 'ระโนด'),
(1915, 'กระแสสินธุ์'),
(1916, 'รัตภูมิ'),
(1917, 'สะเดา'),
(1918, 'หาดใหญ่'),
(1919, 'นาหม่อม'),
(1920, 'ควนเนียง'),
(1921, 'บางกล่ำ'),
(1922, 'สิงหนคร'),
(1923, 'คลองหอยโข่ง'),
(1924, 'ท้องถิ่นเทศบาลตำบลสำนักขาม'),
(1925, 'เทศบาลตำบลบ้านพรุ*'),
(1926, 'เมืองสตูล'),
(1927, 'ควนโดน'),
(1928, 'ควนกาหลง'),
(1929, 'ท่าแพ'),
(1930, 'ละงู'),
(1931, 'ทุ่งหว้า'),
(1932, 'มะนัง'),
(1933, 'เมืองตรัง'),
(1934, 'กันตัง'),
(1935, 'ย่านตาขาว'),
(1936, 'ปะเหลียน'),
(1937, 'สิเกา'),
(1938, 'ห้วยยอด'),
(1939, 'วังวิเศษ'),
(1940, 'นาโยง'),
(1941, 'รัษฎา'),
(1942, 'หาดสำราญ'),
(1943, 'อำเภอเมืองตรัง(สาขาคลองเต็ง)**'),
(1944, 'เมืองพัทลุง'),
(1945, 'กงหรา'),
(1946, 'เขาชัยสน'),
(1947, 'ตะโหมด'),
(1948, 'ควนขนุน'),
(1949, 'ปากพะยูน'),
(1950, 'ศรีบรรพต'),
(1951, 'ป่าบอน'),
(1952, 'บางแก้ว'),
(1953, 'ป่าพะยอม'),
(1954, 'ศรีนครินทร์'),
(1955, 'เมืองปัตตานี'),
(1956, 'โคกโพธิ์'),
(1957, 'หนองจิก'),
(1958, 'ปะนาเระ'),
(1959, 'มายอ'),
(1960, 'ทุ่งยางแดง'),
(1961, 'สายบุรี'),
(1962, 'ไม้แก่น'),
(1963, 'ยะหริ่ง'),
(1964, 'ยะรัง'),
(1965, 'กะพ้อ'),
(1966, 'แม่ลาน'),
(1967, 'เมืองยะลา'),
(1968, 'เบตง'),
(1969, 'บันนังสตา'),
(1970, 'ธารโต'),
(1971, 'ยะหา'),
(1972, 'รามัน'),
(1973, 'กาบัง'),
(1974, 'กรงปินัง'),
(1975, 'เมืองนราธิวาส'),
(1976, 'ตากใบ'),
(1977, 'บาเจาะ'),
(1978, 'ยี่งอ'),
(1979, 'ระแงะ'),
(1980, 'รือเสาะ'),
(1981, 'ศรีสาคร'),
(1982, 'แว้ง'),
(1983, 'สุคิริน'),
(1984, 'สุไหงโก-ลก'),
(1985, 'สุไหงปาดี'),
(1986, 'จะแนะ'),
(1987, 'เจาะไอร้อง'),
(1988, 'อ.บางนรา  จ.นราธิวาส'),
(1989, 'ปากคาด'),
(1990, 'บึงโขงหลง'),
(1991, 'ศรีวิไล'),
(1992, 'พรเจริญ'),
(1993, 'โซ่พิสัย'),
(1994, 'เซกา'),
(1995, 'เมืองบึงกาฬ'),
(1996, 'บุ่งคล้า');

-- --------------------------------------------------------

--
-- Table structure for table `employeetb`
--

CREATE TABLE `employeetb` (
  `EM_ID` int(6) NOT NULL,
  `EM_NAME` varchar(50) NOT NULL,
  `EM_LASTNAME` varchar(30) NOT NULL,
  `EM_USERNAME` varchar(50) NOT NULL,
  `EM_PASSWORD` varchar(100) NOT NULL,
  `CODE` int(11) NOT NULL,
  `EM_DEPART` int(5) NOT NULL,
  `EM_FROM` int(5) NOT NULL,
  `Major` int(11) NOT NULL
) ENGINE=InnoDB DEFAULT CHARSET=utf8;

--
-- Dumping data for table `employeetb`
--

INSERT INTO `employeetb` (`EM_ID`, `EM_NAME`, `EM_LASTNAME`, `EM_USERNAME`, `EM_PASSWORD`, `CODE`, `EM_DEPART`, `EM_FROM`, `Major`) VALUES
(0, '', '', '', '-', 0, 0, 0, 0),
(34, 'อ. พิมลพรรณ', 'ฮ้อรอด', 'P@outlook.rmutr.ac.th', '$2y$10$VeX4QDLbrRhjQ27a8e.M5O.0FmYP76apD4qOXK/Q7L6oipI8ANkSG', 0, 3, 0, 0),
(35, 'เจ้าหน้าที่', 'งานกองทุนฯ', 'n@rmutr.ac.th', '$2y$10$fNyXb48/42CsTNkLqTANXOuyGBfR2BODYNH8Ul47oEm/4MmsxOOSm', 0, 1, 0, 0),
(37, 'อ.ดร. อิทธิภัทรa', 'รัชตนันทิท', 'i@outlook.rmutr.ac.th', '$2y$10$KepnA66YwzjukdKPUvbsQOdCiGdBGi4EzXfsvhVoAep5NP1BF97Ue', 0, 2, 0, 0),
(47, 'อ.สรุศักดิ์', 'แย้มดี', 'sr@rmutr.ac.th', '1234', 0, 5, 0, 0),
(49, 'apisitt', 'amklangg', 'ap@rmutr.ac.th', '$2y$10$D2mE0S58wrVSt1Gn01mup.z0DHM3L0TZpA8JLbaBNk48xQeFDuqgu', 0, 1, 0, 0),
(50, 'หัวหน้า', 'ฝ่างานกองทุน', 'sm@rmutr.ac.th', '$2y$10$4cwAsHT6ofUyD9KWacUAP.UfyjfG992LzBbYD.tFtvs/y5Lu0u7/6', 0, 5, 0, 0),
(51, 'นาย', 'รักษา', 'rs@rmutr.ac.th', '$2y$10$fpQmHdbEQiz2C.zLPLg0feUOALV3fWomuJqO5ezmY5mZE5H.8cKMm', 0, 2, 0, 0);

--
-- Triggers `employeetb`
--
DELIMITER $$
CREATE TRIGGER `default_code_employee` AFTER UPDATE ON `employeetb` FOR EACH ROW IF new.EM_PASSWORD THEN
UPDATE employeetb 
SET CODE = 0
WHERE EM_ID = old.EM_ID;
END IF
$$
DELIMITER ;

-- --------------------------------------------------------

--
-- Table structure for table `em_from`
--

CREATE TABLE `em_from` (
  `EMID_FROM` int(5) NOT NULL,
  `EMID_FROM_` varchar(60) NOT NULL
) ENGINE=InnoDB DEFAULT CHARSET=utf8;

--
-- Dumping data for table `em_from`
--

INSERT INTO `em_from` (`EMID_FROM`, `EMID_FROM_`) VALUES
(0, '-'),
(1, 'แผนกงานกองทุน'),
(2, 'คณะบริหารธุรกิจ');

-- --------------------------------------------------------

--
-- Table structure for table `events`
--

CREATE TABLE `events` (
  `id` int(11) NOT NULL,
  `title` varchar(50) NOT NULL,
  `By_status` varchar(30) NOT NULL,
  `start_event` datetime NOT NULL,
  `end_event` datetime NOT NULL,
  `active` tinyint(1) NOT NULL
) ENGINE=InnoDB DEFAULT CHARSET=utf8mb4;

--
-- Dumping data for table `events`
--

INSERT INTO `events` (`id`, `title`, `By_status`, `start_event`, `end_event`, `active`) VALUES
(76, 'อาจารย์ที่ปรึกษาสัมภาษณ์นักศึกษา', 'อาจารย์ที่ปรึกษา', '2021-03-31 00:00:00', '2021-04-09 00:00:00', 0),
(77, 'กรรมการสัมภาษณ์นักศึกษา', 'กรรมการ', '2021-03-31 00:00:00', '2021-04-09 00:00:00', 0),
(78, 'ประกาศรายชื่อผู้ได้รับทุน', '-', '2021-04-08 00:00:00', '2021-04-11 00:00:00', 0),
(87, 'เปิดรับสมัครรับทุนฯ', 'นักศึกษา', '2021-03-26 00:00:00', '2021-03-31 00:00:00', 1);

-- --------------------------------------------------------

--
-- Table structure for table `facultytb`
--

CREATE TABLE `facultytb` (
  `facultytb` int(3) NOT NULL,
  `ST_FACULTY` varchar(40) NOT NULL
) ENGINE=InnoDB DEFAULT CHARSET=utf8mb4;

--
-- Dumping data for table `facultytb`
--

INSERT INTO `facultytb` (`facultytb`, `ST_FACULTY`) VALUES
(0, '-'),
(1, 'คณะบริหารธุรกิจ'),
(2, 'ศิลปศาสตร์');

-- --------------------------------------------------------

--
-- Table structure for table `formtb`
--

CREATE TABLE `formtb` (
  `FORM_ID` int(13) NOT NULL,
  `ST_ID` int(5) NOT NULL,
  `ST_NUMBER` varchar(13) NOT NULL,
  `F_NAME` varchar(30) NOT NULL,
  `L_NAME` varchar(30) NOT NULL,
  `ST_FACULTS` int(3) NOT NULL,
  `ST_MAJORS` int(5) NOT NULL,
  `ST_PROGRAMS` int(3) NOT NULL,
  `AD_ID` int(5) NOT NULL,
  `ST_GEN` varchar(15) NOT NULL,
  `ST_GRADE` double(5,2) DEFAULT NULL,
  `DATE_` datetime NOT NULL DEFAULT current_timestamp(),
  `ST_AGE_` varchar(6) DEFAULT NULL,
  `BRITH_YEAR` date DEFAULT NULL,
  `ST_NAT` varchar(20) DEFAULT NULL,
  `ST_RACE` varchar(30) DEFAULT NULL,
  `ST_RELIGION` varchar(30) DEFAULT NULL,
  `ST_LOCAT` varchar(50) DEFAULT NULL,
  `ST_HOME` varchar(3) DEFAULT NULL,
  `ST_ALLAY` varchar(50) DEFAULT NULL,
  `ST_STREET` varchar(50) DEFAULT NULL,
  `ST_SUBDIST` int(5) NOT NULL,
  `ST_DIST` int(5) NOT NULL,
  `ST_PROVINCE` int(5) NOT NULL,
  `ST_TELL` varchar(9) DEFAULT NULL,
  `ST_PHONE` varchar(10) DEFAULT NULL,
  `FACEBOOK` varchar(60) DEFAULT NULL,
  `FAMILY_STATUS` varchar(50) DEFAULT NULL,
  `FULLNAME_FATHER` varchar(50) DEFAULT NULL,
  `FATHER_CAREER` varchar(50) DEFAULT NULL,
  `FATHER_INCOME` varchar(8) DEFAULT NULL,
  `FATHER_PHONE` varchar(10) DEFAULT NULL,
  `FULLNAME_MOTHER` varchar(50) DEFAULT NULL,
  `MOTHER_CAREER` varchar(50) DEFAULT NULL,
  `MOTHER_INCOME` varchar(8) DEFAULT NULL,
  `MOTHER_PHONE` varchar(10) DEFAULT NULL,
  `NUM_RELA` varchar(6) DEFAULT NULL,
  `BEING_NUM` varchar(6) DEFAULT NULL,
  `STAY_WITH` varchar(50) DEFAULT NULL,
  `CURR_HOME` varchar(50) DEFAULT NULL,
  `CURR_ALLAY` varchar(50) DEFAULT NULL,
  `CURR_STREET` varchar(50) DEFAULT NULL,
  `CURR_SUBDIST` int(5) NOT NULL,
  `CURR_DIST` int(5) NOT NULL,
  `CURR_PROVINCE` int(5) NOT NULL,
  `PATR_FULLNAME` varchar(50) DEFAULT NULL,
  `PATR_CAREER` varchar(50) DEFAULT NULL,
  `PATR_INCOME` varchar(8) DEFAULT NULL,
  `RELAT` varchar(50) DEFAULT NULL,
  `PATR_PHONE` varchar(10) DEFAULT NULL,
  `SCH_BORROW` varchar(30) DEFAULT NULL,
  `SCHOLAR` varchar(30) DEFAULT NULL,
  `Job` varchar(40) DEFAULT NULL,
  `PARTTIME_PLACE` varchar(60) DEFAULT NULL,
  `P_DETAIL_CARR` varchar(80) DEFAULT NULL,
  `P_TIME_PERIOD` varchar(6) DEFAULT NULL,
  `P_INCOME` varchar(8) DEFAULT NULL,
  `FULLTIME_PLACE` varchar(50) DEFAULT NULL,
  `F_DETAIL_CARR` varchar(80) DEFAULT NULL,
  `F_TIME_PERIOD` varchar(6) DEFAULT NULL,
  `F_INCOME` varchar(6) DEFAULT NULL,
  `ACTI_TIME_PERIOD` varchar(25) DEFAULT NULL,
  `ACTI_HOURS` varchar(8) DEFAULT NULL,
  `ACTI_DESCRIBE` text DEFAULT '-',
  `ST_DESCRIPE` text DEFAULT '-',
  `ADVISOR_ID` int(6) NOT NULL,
  `REQ_STATUS` int(2) NOT NULL,
  `ADVISOR_DESCRIBE` text NOT NULL DEFAULT '-',
  `CMT_DATE` date DEFAULT NULL,
  `DIRECTOR_ID` int(11) NOT NULL,
  `REQ_STATUS_DIRECTOR` int(2) NOT NULL,
  `DIRECTOR_DESCRIBE` text DEFAULT '-',
  `DCMT_DATE` date DEFAULT NULL,
  `GRADE_SC` int(11) NOT NULL DEFAULT 0,
  `IC_SC` int(11) NOT NULL DEFAULT 0,
  `FM_SC` int(11) NOT NULL DEFAULT 0,
  `PS_SC` int(11) NOT NULL DEFAULT 0,
  `ACTY_SC` int(11) NOT NULL DEFAULT 0,
  `TTAL_SC` int(11) NOT NULL DEFAULT 0,
  `TO_ADMIN` tinyint(1) NOT NULL,
  `BY_ADMIN` tinyint(1) NOT NULL,
  `COMMENT_HEAD` varchar(50) DEFAULT NULL
) ENGINE=InnoDB DEFAULT CHARSET=utf8;

--
-- Dumping data for table `formtb`
--

INSERT INTO `formtb` (`FORM_ID`, `ST_ID`, `ST_NUMBER`, `F_NAME`, `L_NAME`, `ST_FACULTS`, `ST_MAJORS`, `ST_PROGRAMS`, `AD_ID`, `ST_GEN`, `ST_GRADE`, `DATE_`, `ST_AGE_`, `BRITH_YEAR`, `ST_NAT`, `ST_RACE`, `ST_RELIGION`, `ST_LOCAT`, `ST_HOME`, `ST_ALLAY`, `ST_STREET`, `ST_SUBDIST`, `ST_DIST`, `ST_PROVINCE`, `ST_TELL`, `ST_PHONE`, `FACEBOOK`, `FAMILY_STATUS`, `FULLNAME_FATHER`, `FATHER_CAREER`, `FATHER_INCOME`, `FATHER_PHONE`, `FULLNAME_MOTHER`, `MOTHER_CAREER`, `MOTHER_INCOME`, `MOTHER_PHONE`, `NUM_RELA`, `BEING_NUM`, `STAY_WITH`, `CURR_HOME`, `CURR_ALLAY`, `CURR_STREET`, `CURR_SUBDIST`, `CURR_DIST`, `CURR_PROVINCE`, `PATR_FULLNAME`, `PATR_CAREER`, `PATR_INCOME`, `RELAT`, `PATR_PHONE`, `SCH_BORROW`, `SCHOLAR`, `Job`, `PARTTIME_PLACE`, `P_DETAIL_CARR`, `P_TIME_PERIOD`, `P_INCOME`, `FULLTIME_PLACE`, `F_DETAIL_CARR`, `F_TIME_PERIOD`, `F_INCOME`, `ACTI_TIME_PERIOD`, `ACTI_HOURS`, `ACTI_DESCRIBE`, `ST_DESCRIPE`, `ADVISOR_ID`, `REQ_STATUS`, `ADVISOR_DESCRIBE`, `CMT_DATE`, `DIRECTOR_ID`, `REQ_STATUS_DIRECTOR`, `DIRECTOR_DESCRIBE`, `DCMT_DATE`, `GRADE_SC`, `IC_SC`, `FM_SC`, `PS_SC`, `ACTY_SC`, `TTAL_SC`, `TO_ADMIN`, `BY_ADMIN`, `COMMENT_HEAD`) VALUES
(0, 0, '', '', '', 0, 0, 0, 0, '', 0.00, '0000-00-00 00:00:00', NULL, NULL, NULL, NULL, NULL, NULL, NULL, NULL, NULL, 0, 0, 0, NULL, NULL, NULL, NULL, NULL, NULL, NULL, NULL, NULL, NULL, NULL, NULL, NULL, NULL, NULL, NULL, NULL, NULL, 0, 0, 0, NULL, NULL, NULL, NULL, NULL, NULL, NULL, NULL, NULL, NULL, NULL, NULL, NULL, NULL, NULL, NULL, NULL, NULL, NULL, NULL, 0, 0, '-', '0000-00-00', 0, 0, '-', '0000-00-00', 0, 0, 0, 0, 0, 0, 0, 0, NULL),
(240, 18, '3601051641224', 'อภิสิทธิ์', 'อ่ำกลาง', 1, 1, 1, 34, '4/2', 3.00, '2021-03-24 00:00:00', '21', '1999-03-24', 'ไทย', 'ไทย', 'พุทธ', NULL, '132', 'เอกชัย 43', 'เอกชัย', 5494, 1945, 14, '021234567', '0926904419', 'Ittipath', 'บิดา มารดา อยู่ด้วยกัน', 'ธรรมรัตน์ รัชตนันทิ', 'รับจ้าง', '15000', '0899651727', 'อิสรีย์ รัชตนันทิ', 'รับจ้าง', '15000', '0870076550', '2', '1', 'บิดามารดา', '132', 'เอกชัย 43', 'บางบอน', 6425, 1945, 1, 'อิสรีย์ รัชตนันทิ', 'รับจ้าง', '15000', 'มารดา', '0870076550', 'ไม่เคย', 'ไม่เคย', 'ไม่เคย', '', '', '', '', '', '', '', '', '', '', '', 'ที่บ้านมีปัญหาเรื่องเงืน', 34, 1, 'เหผตุสมควรได้รับ', '2021-03-24', 37, 1, 'สมควร', '2021-03-24', 13, 14, 24, 24, 18, 93, 2, 1, NULL),
(242, 21, '3601051641228', 'สวัสดี', 'มีชัย', 1, 1, 1, 34, '2/4', 2.85, '2021-03-27 00:00:00', '54', '2021-03-25', 'sdas', 'sda', 'asdas', NULL, '45', '45', 'ASd', 1977, 1291, 73, '45', '45', 'xfgfgdf', 'บิดา มารดา อยู่ด้วยกัน', 'sdfg', 'dfgdf', '5', '45645', 'dfgdf', 'gzs', '456', '4545', '4', '5', 'dfg', '45', '4', '45', 4517, 1291, 51, '', '', '', '', '', 'ไม่เคย', 'ไม่เคย', 'ไม่เคย', '', '', '', '', '', '', '', '', '', '', '', 'zsdfsdf', 34, 1, 'สมควร', '2021-03-27', 37, 1, 'สมควร', '2021-03-27', 14, 14, 23, 21, 18, 90, 2, 1, NULL),
(243, 22, '3601051641227', 'อภิสิทธิ์', 'อ่ำกลาง', 1, 1, 1, 34, '4/2', 2.78, '2021-03-28 00:00:00', '21', '2021-03-24', 'sdfzs', 'zsdf', 'sdf', NULL, '545', '454', 'zdsdf', 4475, 1864, 1, '524545456', '56456456', 'dsdfddrt', 'บิดา มารดา อยู่ด้วยกัน', 'DSsdffg', 'dzfgdfg', '45645', '45645', 'dfgfg', 'xfghfg', '45645', '64868', '4', '5', 'zdfdf', '55', '45645', 'xdfgxfg', 8457, 1871, 73, 'sdfsdf', 'sdfsdf', '456456', 'vhjghfg', '4564545', 'ไม่เคย', 'ไม่เคย', 'ไม่เคย', '', '', '', '', '', '', '', '', '', '', '', 'xxfxfxfgfdfg', 34, 1, 'สมควร', '2021-03-28', 37, 1, 'สมควร', '2021-03-28', 15, 14, 21, 18, 15, 83, 2, 1, NULL),
(244, 23, '3601051641254', 'ภูวดล', 'แย้มสี', 1, 3, 1, 34, '2/6 (ตกค้าง)', 2.50, '2021-03-28 00:00:00', '21', '2021-03-17', 'zsdfz', 'zsdfsd', 'dsfzsd', NULL, '454', '453', 'xdfgx', 8457, 1864, 1, '24545', '456456', 'xfgxdfgdf', 'บิดา มารดา อยู่ด้วยกัน', 'sd', 'asdas', '7578', '8677', 'asd', 'asda', '56', '786', '4', '5', 'zsdf', '75', '7867', 'dfggdfg', 3998, 1723, 1, 'dsd', 'sdf', '45', 'xdfgdf', '456', 'ไม่เคย', 'ไม่เคย', 'ไม่เคย', '', '', '', '', '', '', '', '', '', '', '', 'zdasds', 34, 1, 'สมควร', '2021-03-28', 37, 1, 'สมควร', '2021-03-28', 14, 14, 21, 23, 17, 89, 2, 1, NULL),
(245, 24, '3601051641287', 'apisit', 'amklang', 1, 1, 1, 34, '2/3', 2.45, '2021-03-29 00:00:00', '21', '2021-03-18', 'ไทย', 'ไทย', 'พุทธ', NULL, '69', 'เพชรเกษม', 'เพชรเกษม', 4740, 1965, 15, '024545645', '0894564564', 'N\'nine', 'บิดา มารดา อยู่ด้วยกัน', 'xdfgd xdfgdg', 'dfgdgsr', '22808', '0884859558', 'zsdfsdf  dffsdsf', 'zfgdrrg', '45454534', '4534545345', '4', '3', 'sdsaer', '45678', 'zsdfds', 'sdfsdf', 6432, 1974, 1, 'sd', 'asdas', '5', 'd', '4545', 'ไม่เคย', 'ไม่เคย', 'ไม่เคย', '', '', '', '', '', '', '', '', '', '', '', '45sdfdfsd', 34, 1, 'สมควร', '2021-03-29', 37, 1, 'สมควร', '2021-03-29', 14, 13, 17, 20, 16, 80, 2, 1, NULL);

-- --------------------------------------------------------

--
-- Table structure for table `givertb`
--

CREATE TABLE `givertb` (
  `GIVERID_` int(6) NOT NULL,
  `DATE_ADD` datetime NOT NULL DEFAULT current_timestamp(),
  `GIVER_NAME` varchar(50) NOT NULL,
  `GIVER_PHONE` varchar(10) NOT NULL,
  `SCHOLAR_ID` int(11) NOT NULL,
  `ADD_ALEADY` tinyint(1) NOT NULL
) ENGINE=InnoDB DEFAULT CHARSET=utf8;

--
-- Dumping data for table `givertb`
--

INSERT INTO `givertb` (`GIVERID_`, `DATE_ADD`, `GIVER_NAME`, `GIVER_PHONE`, `SCHOLAR_ID`, `ADD_ALEADY`) VALUES
(0, '0000-00-00 00:00:00', '-', '-', 0, 1),
(45, '2021-03-11 17:55:38', 'นาย แจ๊ส ชวนชื่น', '0985652688', 28, 0),
(46, '2021-03-11 17:55:38', 'นาย ตั๊ก บริบูรณ์', '0987623598', 28, 0),
(47, '2021-03-11 19:29:57', 'นาย สมพงษ์ จร้า', '0985689745', 979, 0),
(48, '2021-03-14 22:53:18', 'นาย แจ๊ส ชวนชื่น', '0987854684', 249, 0),
(49, '2021-03-14 22:53:18', 'นาย ตั๊ก บริบูรณ์', '0985685487', 249, 0),
(50, '2021-03-14 22:53:18', 'นาง แจง ชวนชื่น', '0985648575', 249, 0),
(51, '2021-03-14 22:53:18', 'นาย ค่อม ชวนชื่น', '0985641257', 249, 0),
(52, '2021-03-15 14:23:14', 'นาย แจ๊ส ชวนชื่น', '0968798594', 434, 0),
(53, '2021-03-15 14:23:14', 'นาย ตั๊ก บริบูรณ์', '0874585622', 434, 0),
(54, '2021-03-15 14:23:14', 'นาง แจง ชวนชื่น', '0254875622', 434, 0),
(55, '2021-03-15 14:23:14', 'นาย ค่อม ชวนชื่น', '0874562587', 434, 0),
(56, '2021-03-24 13:23:10', 'ภัทรพล โอเค', '0891234567', 820, 0),
(57, '2021-03-27 15:02:34', 'นาย วันดี', '0897785778', 60, 0),
(58, '2021-03-27 15:02:37', 'นาย วันดี', '0897785778', 388, 0),
(59, '2021-03-27 15:07:56', 'นาย มารวย', '0987895895', 6, 0),
(60, '2021-03-27 15:11:52', 'นาย ทองดี', '12455857', 929, 0),
(61, '2021-03-27 15:12:30', 'ดเพเพะ', '14545', 633, 0),
(62, '2021-03-27 16:03:05', 'นาย สมชาย', '0895895487', 694, 0),
(63, '2021-03-27 16:03:05', 'นาย เต๋า', '0895487458', 694, 0),
(64, '2021-03-27 16:03:05', 'นาง สมหมาย', '098568457', 694, 0),
(65, '2021-03-27 16:03:05', 'นาย บ๊วย', '0874562515', 694, 0),
(66, '2021-03-27 16:03:05', 'นาย สมชาย', '0748782258', 694, 0),
(67, '2021-03-28 21:58:03', 'นาย แจ๊ส ชวนชื่น', '0897785778', 76, 0),
(68, '2021-03-28 21:58:03', 'นาย ตั๊ก บริบูรณ์', '0748782258', 76, 0),
(69, '2021-03-28 21:58:03', 'นาง แจง ชวนชื่น', '0874562515', 76, 0),
(70, '2021-03-28 21:58:03', 'นาย ค่อม ชวนชื่น', '0748782258', 76, 0);

-- --------------------------------------------------------

--
-- Table structure for table `majors`
--

CREATE TABLE `majors` (
  `ID_MAJOR` int(5) NOT NULL,
  `ST_MAJOR` varchar(50) NOT NULL,
  `M_MAJOR` varchar(20) DEFAULT NULL
) ENGINE=InnoDB DEFAULT CHARSET=utf8mb4;

--
-- Dumping data for table `majors`
--

INSERT INTO `majors` (`ID_MAJOR`, `ST_MAJOR`, `M_MAJOR`) VALUES
(0, '-', ''),
(1, 'เทคโนโลยีสารสนเทศการพัฒนาซอฟต์แวร์', 'ป.สสท'),
(2, 'การจัดการทั่วไป', 'ป.กจท'),
(3, 'การตลาด', 'ป.กตล'),
(8, 'การจัดการอุตสาหกรรม', 'ป.กจอ'),
(9, 'การบัญชี', 'ป.กบช'),
(11, 'การจัดการเทคโนโลยีสารสนเทศ', 'ป.กจส'),
(12, 'ภาษาอังกฤษธุรกิจ', 'ป.กบ.สอ'),
(13, 'ภาษาอังกฤษเพื่อการสื่อสาร', 'ป.ศศอ'),
(14, 'ภาษาจีน', 'ป.ศศจ'),
(15, 'ภาษาญี่ปุ่น', 'ป.ศศญ');

-- --------------------------------------------------------

--
-- Table structure for table `old_scholarship`
--

CREATE TABLE `old_scholarship` (
  `OLD_ID` int(5) NOT NULL,
  `OLD_FORM` int(5) NOT NULL DEFAULT 5,
  `OLD_SCHO` varchar(40) NOT NULL,
  `OLDSCHOLA_YEAR` varchar(40) NOT NULL,
  `OLDSCHOLA_CATE` varchar(40) NOT NULL,
  `PROPERTY` varchar(40) NOT NULL,
  `OLDSCHOLA_VALUE` int(6) NOT NULL
) ENGINE=InnoDB DEFAULT CHARSET=utf8mb4;

--
-- Dumping data for table `old_scholarship`
--

INSERT INTO `old_scholarship` (`OLD_ID`, `OLD_FORM`, `OLD_SCHO`, `OLDSCHOLA_YEAR`, `OLDSCHOLA_CATE`, `PROPERTY`, `OLDSCHOLA_VALUE`) VALUES
(0, 0, '-', '-', '-', '-', 0);

-- --------------------------------------------------------

--
-- Table structure for table `programtb`
--

CREATE TABLE `programtb` (
  `ID_PROGRAM` int(3) NOT NULL,
  `ST_PROGRAM` varchar(50) NOT NULL
) ENGINE=InnoDB DEFAULT CHARSET=utf8mb4;

--
-- Dumping data for table `programtb`
--

INSERT INTO `programtb` (`ID_PROGRAM`, `ST_PROGRAM`) VALUES
(0, '-'),
(1, 'หลักสูตร 4ปี'),
(2, 'หลักสูตร 2ปี เทียบโอน');

-- --------------------------------------------------------

--
-- Table structure for table `provincetb`
--

CREATE TABLE `provincetb` (
  `PROVINCE_ID` int(5) NOT NULL,
  `PROVINCE_NAME` varchar(50) NOT NULL
) ENGINE=InnoDB DEFAULT CHARSET=utf8mb4;

--
-- Dumping data for table `provincetb`
--

INSERT INTO `provincetb` (`PROVINCE_ID`, `PROVINCE_NAME`) VALUES
(0, '-'),
(1, 'กรุงเทพมหานคร'),
(3, 'สมุทรปราการ'),
(4, 'นนทบุรี'),
(5, 'ปทุมธานี'),
(6, 'พระนครศรีอยุธยา'),
(7, 'อ่างทอง'),
(8, 'ลพบุรี'),
(9, 'สิงห์บุรี'),
(10, 'ชัยนาท'),
(11, 'สระบุรี'),
(12, 'ชลบุรี'),
(13, 'ระยอง'),
(14, 'จันทบุรี'),
(15, 'ตราด'),
(16, 'ฉะเชิงเทรา'),
(17, 'ปราจีนบุรี'),
(18, 'นครนายก'),
(19, 'สระแก้ว'),
(20, 'นครราชสีมา'),
(21, 'บุรีรัมย์'),
(22, 'สุรินทร์'),
(23, 'ศรีสะเกษ'),
(24, 'อุบลราชธานี'),
(25, 'ยโสธร'),
(26, 'ชัยภูมิ'),
(27, 'อำนาจเจริญ'),
(28, 'หนองบัวลำภู'),
(29, 'ขอนแก่น'),
(30, 'อุดรธานี'),
(31, 'เลย'),
(32, 'หนองคาย'),
(33, 'มหาสารคาม'),
(34, 'ร้อยเอ็ด'),
(35, 'กาฬสินธุ์'),
(36, 'สกลนคร'),
(37, 'นครพนม'),
(38, 'มุกดาหาร'),
(39, 'เชียงใหม่'),
(40, 'ลำพูน'),
(41, 'ลำปาง'),
(42, 'อุตรดิตถ์'),
(43, 'แพร่'),
(44, 'น่าน'),
(45, 'พะเยา'),
(46, 'เชียงราย'),
(47, 'แม่ฮ่องสอน'),
(48, 'นครสวรรค์'),
(49, 'อุทัยธานี'),
(50, 'กำแพงเพชร'),
(51, 'ตาก'),
(52, 'สุโขทัย'),
(53, 'พิษณุโลก'),
(54, 'พิจิตร'),
(55, 'เพชรบูรณ์'),
(56, 'ราชบุรี'),
(57, 'กาญจนบุรี'),
(58, 'สุพรรณบุรี'),
(59, 'นครปฐม'),
(60, 'สมุทรสาคร'),
(61, 'สมุทรสงคราม'),
(62, 'เพชรบุรี'),
(63, 'ประจวบคีรีขันธ์'),
(64, 'นครศรีธรรมราช'),
(65, 'กระบี่'),
(66, 'พังงา'),
(67, 'ภูเก็ต'),
(68, 'สุราษฎร์ธานี'),
(69, 'ระนอง'),
(70, 'ชุมพร'),
(71, 'สงขลา'),
(72, 'สตูล'),
(73, 'ตรัง'),
(74, 'พัทลุง'),
(75, 'ปัตตานี'),
(76, 'ยะลา'),
(77, 'นราธิวาส'),
(78, 'บึงกาฬ');

-- --------------------------------------------------------

--
-- Table structure for table `req_scholarship`
--

CREATE TABLE `req_scholarship` (
  `R_SCHOLAR_ID` int(13) NOT NULL,
  `DATE_GIVE` datetime NOT NULL DEFAULT current_timestamp(),
  `R_ID` int(11) NOT NULL,
  `FROM_ID` int(11) NOT NULL,
  `BY_GIVER` int(11) NOT NULL,
  `R_AMOUNT` int(6) DEFAULT NULL,
  `R_VALUE` int(6) DEFAULT NULL
) ENGINE=InnoDB DEFAULT CHARSET=utf8;

--
-- Dumping data for table `req_scholarship`
--

INSERT INTO `req_scholarship` (`R_SCHOLAR_ID`, `DATE_GIVE`, `R_ID`, `FROM_ID`, `BY_GIVER`, `R_AMOUNT`, `R_VALUE`) VALUES
(77, '2021-03-24 14:06:31', 820, 240, 0, 1, 5000),
(78, '2021-03-28 00:39:10', 76, 242, 0, 1, 10000),
(79, '2021-03-28 21:58:20', 6, 243, 0, 1, 2000),
(80, '2021-03-28 23:58:56', 76, 244, 0, 1, 10000),
(81, '2021-03-29 14:51:45', 388, 245, 0, 1, 2000);

--
-- Triggers `req_scholarship`
--
DELIMITER $$
CREATE TRIGGER `add-status-giver` AFTER INSERT ON `req_scholarship` FOR EACH ROW UPDATE givertb 
SET ADD_ALEADY = 1
WHERE GIVERID_ = new.BY_GIVER
$$
DELIMITER ;
DELIMITER $$
CREATE TRIGGER `give_scholarship` AFTER INSERT ON `req_scholarship` FOR EACH ROW UPDATE scolartb s SET s.CURR_AMOUNT = s.CURR_AMOUNT - new.R_AMOUNT,
s.CURR_VALUE= s.CURR_VALUE - new.R_VALUE WHERE s.SCHOLAR_ID = new.R_ID
$$
DELIMITER ;

-- --------------------------------------------------------

--
-- Table structure for table `req_status`
--

CREATE TABLE `req_status` (
  `REQSTATUS_ID` int(2) NOT NULL,
  `REQ_STATUS` varchar(50) NOT NULL
) ENGINE=InnoDB DEFAULT CHARSET=utf8;

--
-- Dumping data for table `req_status`
--

INSERT INTO `req_status` (`REQSTATUS_ID`, `REQ_STATUS`) VALUES
(0, '-'),
(1, 'เห็นสมควร'),
(2, 'ไม่เห็นสมควร');

-- --------------------------------------------------------

--
-- Table structure for table `scolartb`
--

CREATE TABLE `scolartb` (
  `SCHOLAR_ID` int(8) NOT NULL,
  `scolar_date` datetime NOT NULL DEFAULT current_timestamp(),
  `SCHOLAR_NAME` varchar(50) NOT NULL,
  `SCOLAR_AMOUNTH` int(6) NOT NULL,
  `SCHOLAR_VALUE` int(6) NOT NULL,
  `CURR_AMOUNT` int(6) NOT NULL,
  `CURR_VALUE` int(6) NOT NULL,
  `ADDED` tinyint(1) NOT NULL DEFAULT 0
) ENGINE=InnoDB DEFAULT CHARSET=utf8;

--
-- Dumping data for table `scolartb`
--

INSERT INTO `scolartb` (`SCHOLAR_ID`, `scolar_date`, `SCHOLAR_NAME`, `SCOLAR_AMOUNTH`, `SCHOLAR_VALUE`, `CURR_AMOUNT`, `CURR_VALUE`, `ADDED`) VALUES
(0, '2021-02-01 23:36:07', '-', 0, 0, 0, 0, 0),
(6, '2021-03-27 15:07:56', 'นาย มารวย', 1, 2000, 1, 2000, 0),
(60, '2021-03-27 15:02:34', 'นาย วันดี', 2, 4000, 2, 4000, 0),
(76, '2021-03-28 21:58:03', 'บริษัท ฮาไม่จำกัด มหาชน', 4, 40000, 2, 20000, 0),
(388, '2021-03-27 15:02:37', 'นาย วันดี', 2, 4000, 1, 2000, 0),
(633, '2021-03-27 15:12:30', 'นายให้ทุนฯ', 1, 100, 1, 100, 0),
(694, '2021-03-27 16:03:05', 'นาย สมชายย', 5, 5000, 6, 6000, 0),
(820, '2021-03-24 13:23:10', 'ทุนให้', 1, 5000, 0, 0, 0),
(929, '2021-03-27 15:11:52', 'นาย ทองดีดี', 1, 1000, 1, 1000, 0);

--
-- Triggers `scolartb`
--
DELIMITER $$
CREATE TRIGGER `UNMINUT` AFTER UPDATE ON `scolartb` FOR EACH ROW IF new.CURR_AMOUNT < 0 AND new.CURR_VALUE < 0 THEN
UPDATE scolartb 
SET
CURR_AMOUNT = 0,
CURR_VALUE = 0
WHERE SCHOLAR_ID = old.SCHOLAR_ID;
END IF
$$
DELIMITER ;

-- --------------------------------------------------------

--
-- Table structure for table `statustb`
--

CREATE TABLE `statustb` (
  `STATUS_ID` int(11) NOT NULL,
  `S_STATUS` varchar(30) NOT NULL,
  `S_STATUS_ENG` varchar(20) NOT NULL
) ENGINE=InnoDB DEFAULT CHARSET=utf8mb4;

--
-- Dumping data for table `statustb`
--

INSERT INTO `statustb` (`STATUS_ID`, `S_STATUS`, `S_STATUS_ENG`) VALUES
(0, '-', '-'),
(1, 'พนักงาน', 'employee'),
(2, 'กรรมการ', 'director'),
(3, 'อาจารย์', 'teacher'),
(4, 'นักศึกษา', 'student'),
(5, 'หัวหน้าฝ่ายกองทุน', 'admin');

-- --------------------------------------------------------

--
-- Table structure for table `studenttb`
--

CREATE TABLE `studenttb` (
  `ST_ID` int(11) NOT NULL,
  `ST_NUMBER` varchar(13) NOT NULL,
  `ST_FIRSTNAME` varchar(30) NOT NULL,
  `ST_LASTNAME` varchar(30) NOT NULL,
  `ST_STATUS` int(11) NOT NULL DEFAULT 4,
  `ST_USERNAME` varchar(60) NOT NULL,
  `ST_PASSWORD` varchar(120) NOT NULL,
  `CODE` int(11) NOT NULL
) ENGINE=InnoDB DEFAULT CHARSET=utf8mb4;

--
-- Dumping data for table `studenttb`
--

INSERT INTO `studenttb` (`ST_ID`, `ST_NUMBER`, `ST_FIRSTNAME`, `ST_LASTNAME`, `ST_STATUS`, `ST_USERNAME`, `ST_PASSWORD`, `CODE`) VALUES
(0, '-', '-', '-', 0, '-', '0', 0),
(18, '3601051641224', 'อภิสิทธิ์', 'อ่ำกลาง', 4, 'apisit.amk@rmutr.ac.th', '$2y$10$0oDTK40I449AByP0hWiZhOmPK8mXoft.5nkIIo5/TygOf5.BxJWkS', 0),
(20, '1234', 'หฟก', 'ฟหก', 4, 'm@rmutr.ac.th', '$2y$10$biBQBU/GgApvTnA80Iurs..bnSKECJWk1pmAZc.6kirVdM4h987Ra', 0),
(21, '3601051641228', 'สวัสดี', 'มีชัย', 4, 'l@rmutr.ac.th', '$2y$10$j8MeTPVnGcs54Z12zu0vgOLIOzndwSlDNnPQtGJVhTmJ4V6BXCKqG', 0),
(22, '3601051641227', 'อภิสิทธิ์', 'อ่ำกลาง', 4, 'a@rmutr.ac.th', '$2y$10$WC9Vm4erszjE9sDyWeQ6Y.4HBNv4o909Y/J66kWAoyWmGoqfuOCm2', 0),
(23, '3601051641254', 'ภูวดล', 'แย้มสี', 4, 'pd@rmutr.ac.th', '$2y$10$j4k7R.ZvzPVVGky6ro/AZ.7QqmK.5PEqeXomX68wikHaQVgmy45pe', 0),
(24, '3601051641287', 'apisit', 'amklang', 4, 'aps@rmutr.ac.th', '$2y$10$PfE3NzudX/Vb12oBaEIWB.R2mMtDSr8iYi7pepMwOP6E4l75l.cXS', 0);

-- --------------------------------------------------------

--
-- Table structure for table `subdisttb`
--

CREATE TABLE `subdisttb` (
  `SUBDIST_ID` int(11) NOT NULL,
  `SUBDIST_NAME` varchar(50) NOT NULL
) ENGINE=InnoDB DEFAULT CHARSET=utf8mb4;

--
-- Dumping data for table `subdisttb`
--

INSERT INTO `subdisttb` (`SUBDIST_ID`, `SUBDIST_NAME`) VALUES
(0, '-'),
(2, 'พระบรมมหาราชวัง'),
(3, 'วังบูรพาภิรมย์'),
(4, 'วัดราชบพิธ'),
(6, 'ศาลเจ้าพ่อเสือ'),
(7, 'เสาชิงช้า'),
(8, 'บวรนิเวศ'),
(9, 'ตลาดยอด'),
(10, 'ชนะสงคราม'),
(11, 'บ้านพานถม'),
(12, 'บางขุนพรหม'),
(13, 'วัดสามพระยา'),
(15, 'วชิรพยาบาล'),
(16, 'สวนจิตรลดา'),
(17, 'สี่แยกมหานาค'),
(19, 'ถนนนครไชยศรี'),
(23, 'คลองสิบ'),
(24, 'คลองสิบสอง'),
(25, 'โคกแฝด'),
(26, 'คู้ฝั่งเหนือ'),
(27, 'ลำผักชี'),
(28, 'ลำต้อยติ่ง'),
(29, 'มหาพฤฒาราม'),
(30, 'สีลม'),
(31, 'สุริยวงศ์'),
(33, 'สี่พระยา'),
(35, 'อนุสาวรีย์'),
(36, 'คลองถนน*'),
(39, 'สายไหม*'),
(42, 'ออเงิน*'),
(44, 'คลองจั่น'),
(45, 'วังทองหลาง*'),
(51, 'หัวหมาก'),
(52, 'รองเมือง'),
(54, 'ปทุมวัน'),
(55, 'ลุมพินี'),
(56, 'ป้อมปราบ'),
(57, 'วัดเทพศิรินทร์'),
(58, 'คลองมหานาค'),
(59, 'บ้านบาตร'),
(60, 'วัดโสมนัส'),
(61, 'นางเลิ้ง'),
(65, 'บางนา*'),
(74, 'มีนบุรี'),
(75, 'แสนแสบ'),
(76, 'บางชัน*'),
(77, 'ทรายกองดิน*'),
(78, 'ทรายกองดินใต้*'),
(79, 'สามวาตะวันออก*'),
(80, 'สามวาตะวันตก*'),
(81, 'ลาดกระบัง'),
(82, 'คลองสองต้นนุ่น'),
(83, 'คลองสามประเวศ'),
(84, 'ลำปลาทิว'),
(85, 'ทับยาว'),
(86, 'ขุมทอง'),
(89, 'ช่องนนทรี'),
(90, 'บางโพงพาง'),
(97, 'จักรวรรดิ'),
(98, 'สัมพันธวงศ์'),
(100, 'สามเสนใน'),
(106, 'วัดกัลยาณ์'),
(107, 'หิรัญรูจี'),
(108, 'บางยี่เรือ'),
(109, 'บุคคโล'),
(110, 'ตลาดพลู'),
(111, 'ดาวคะนอง'),
(112, 'สำเหร่'),
(114, 'วัดอรุณ'),
(115, 'วัดท่าพระ'),
(117, 'บางกะปิ'),
(119, 'สามเสนนอก'),
(120, 'สมเด็จเจ้าพระยา'),
(121, 'คลองสาน'),
(122, 'บางลำภูล่าง'),
(123, 'คลองต้นไทร'),
(124, 'คลองชักพระ'),
(126, 'ฉิมพลี'),
(128, 'บางระมาด'),
(129, 'ทวีวัฒนา*'),
(130, 'บางเชือกหนัง'),
(131, 'ศาลาธรรมสพน์*'),
(135, 'ศิริราช'),
(136, 'บ้านช่างหล่อ'),
(137, 'บางขุนนนท์'),
(138, 'บางขุนศรี'),
(140, 'อรุณอมรินทร์'),
(147, 'บางบอน*'),
(150, 'แสมดำ'),
(151, 'บางหว้า'),
(157, 'บางแวก'),
(159, 'ปากคลองภาษีเจริญ'),
(161, 'หลักสอง*'),
(163, 'หนองค้างพลู'),
(164, 'ราษฎร์บูรณะ'),
(165, 'บางปะกอก'),
(166, 'บางมด*'),
(167, 'ทุ่งครุ*'),
(168, 'บางพลัด'),
(170, 'บางบำหรุ'),
(171, 'บางยี่ขัน'),
(173, 'คลองกุ่ม'),
(176, 'ทุ่งวัดดอน'),
(177, 'ยานนาวา'),
(178, 'ทุ่งมหาเมฆ'),
(179, 'บางซื่อ'),
(181, 'เสนานิคม'),
(182, 'จันทรเกษม'),
(183, 'จอมพล'),
(184, 'จตุจักร'),
(185, 'บางคอแหลม'),
(186, 'วัดพระยาไกร'),
(187, 'บางโคล่'),
(188, 'ประเวศ'),
(192, 'คลองเตย'),
(194, 'พระโขนง'),
(199, 'บางขุนเทียน'),
(200, 'บางค้อ'),
(203, 'ตลาดบางเขน*'),
(204, 'สีกัน'),
(205, 'ทุ่งสองห้อง*'),
(206, 'ทุ่งพญาไท'),
(207, 'ถนนพญาไท'),
(208, 'ถนนเพชรบุรี'),
(209, 'มักกะสัน'),
(210, 'ลาดพร้าว'),
(211, 'จรเข้บัว'),
(212, 'คลองเตยเหนือ'),
(213, 'คลองตันเหนือ'),
(214, 'พระโขนงเหนือ'),
(216, 'บางแคเหนือ'),
(219, 'ทุ่งสองห้อง'),
(220, 'ตลาดบางเขน'),
(221, 'สายไหม'),
(222, 'ออเงิน'),
(223, 'คลองถนน'),
(224, 'คันนายาว'),
(225, 'สะพานสูง'),
(226, 'วังทองหลาง'),
(227, 'สามวาตะวันตก'),
(228, 'สามวาตะวันออก'),
(230, 'ทรายกองดิน'),
(231, 'ทรายกองดินใต้'),
(234, 'ศาลาธรรมสพน์'),
(235, 'บางมด'),
(236, 'ทุ่งครุ'),
(237, 'บางบอน'),
(239, 'สำโรงเหนือ'),
(241, 'ท้ายบ้าน'),
(245, 'บางปูใหม่'),
(247, 'แพรกษา'),
(248, 'บางโปรง'),
(251, 'บางเมืองใหม่'),
(252, 'เทพารักษ์'),
(253, 'ท้ายบ้านใหม่'),
(254, 'แพรกษาใหม่'),
(261, 'บางบ่อ'),
(262, 'บ้านระกาศ'),
(263, 'บางพลีน้อย'),
(264, 'บางเพรียง'),
(265, 'คลองด่าน'),
(266, 'คลองสวน'),
(267, 'เปร็ง'),
(268, 'คลองนิยมยาตรา'),
(269, 'คลองนิยม*'),
(270, 'บางพลีใหญ่'),
(273, 'บางโฉลง'),
(275, 'ศรีษะจรเข้ใหญ่'),
(276, 'ศรีษะจรเข้น้อย'),
(277, 'ราชาเทวะ'),
(282, 'บางครุ'),
(284, 'บางหัวเสือ'),
(285, 'สำโรงใต้'),
(286, 'บางยอ'),
(287, 'บางกะเจ้า'),
(288, 'บางน้ำผึ้ง'),
(289, 'บางกระสอบ'),
(290, 'บางกอบัว'),
(293, 'สำโรงกลาง'),
(295, 'บ้านคลองสวน'),
(296, 'แหลมฟ้าผ่า'),
(297, 'ปากคลองบางปลากด'),
(298, 'ในคลองบางปลากด'),
(299, 'บางเสาธง'),
(300, 'ศีรษะจรเข้น้อย'),
(301, 'ศีรษะจรเข้ใหญ่'),
(302, 'สวนใหญ่'),
(304, 'บางเขน'),
(305, 'บางกระสอ'),
(308, 'บางศรีเมือง'),
(309, 'บางกร่าง'),
(310, 'ไทรม้า'),
(311, 'บางรักน้อย'),
(312, 'วัดชลอ'),
(313, 'บางกรวย'),
(314, 'บางสีทอง'),
(315, 'บางขนุน'),
(316, 'บางขุนกอง'),
(317, 'บางคูเวียง'),
(319, 'ปลายบาง'),
(320, 'ศาลากลาง'),
(322, 'บางแม่นาง'),
(324, 'เสาธงหิน'),
(327, 'โสนลอย'),
(328, 'บางบัวทอง'),
(329, 'บางรักใหญ่'),
(330, 'บางคูรัด'),
(332, 'ลำโพ'),
(333, 'พิมลราช'),
(334, 'บางรักพัฒนา'),
(336, 'ราษฎร์นิยม'),
(337, 'หนองเพรางาย'),
(338, 'ไทรใหญ่'),
(339, 'ขุนศรี'),
(340, 'คลองขวาง'),
(341, 'ทวีวัฒนา'),
(342, 'ปากเกร็ด'),
(346, 'บางตะไนย์'),
(349, 'เกาะเกร็ด'),
(350, 'อ้อมเกร็ด'),
(353, 'คลองเกลือ'),
(354, 'บางปรอก'),
(358, 'บ้านกระแชง'),
(359, 'บางขะแยง'),
(360, 'บางคูวัด'),
(363, 'บางพูด'),
(364, 'บางพูน'),
(365, 'บางกะดี'),
(366, 'สวนพริกไทย'),
(367, 'หลักหก'),
(368, 'คลองหนึ่ง'),
(369, 'คลองสอง'),
(370, 'คลองสาม'),
(371, 'คลองสี่'),
(372, 'คลองห้า'),
(373, 'คลองหก'),
(374, 'คลองเจ็ด'),
(375, 'ประชาธิปัตย์'),
(376, 'บึงยี่โถ'),
(377, 'รังสิต'),
(378, 'ลำผักกูด'),
(379, 'บึงสนั่น'),
(381, 'บึงบา'),
(383, 'บึงกาสาม'),
(384, 'บึงชำอ้อ'),
(385, 'หนองสามวัง'),
(386, 'ศาลาครุ'),
(387, 'นพรัตน์'),
(389, 'ลาดหลุมแก้ว'),
(390, 'คูบางหลวง'),
(391, 'คูขวาง'),
(392, 'คลองพระอุดม'),
(393, 'บ่อเงิน'),
(395, 'คูคต'),
(396, 'ลาดสวาย'),
(397, 'บึงคำพร้อย'),
(398, 'ลำลูกกา'),
(399, 'บึงทองหลาง'),
(401, 'บึงคอไห'),
(402, 'พืชอุดม'),
(404, 'คลองควาย'),
(405, 'สามโคก'),
(407, 'บางโพธิ์เหนือ'),
(408, 'เชียงรากใหญ่'),
(409, 'บ้านปทุม'),
(410, 'บ้านงิ้ว'),
(413, 'ท้ายเกาะ'),
(414, 'ประตูชัย'),
(415, 'กะมัง'),
(416, 'หอรัตนไชย'),
(418, 'ท่าวาสุกรี'),
(419, 'ไผ่ลิง'),
(420, 'ปากกราน'),
(422, 'สำเภาล่ม'),
(423, 'สวนพริก'),
(424, 'คลองตะเคียน'),
(425, 'วัดตูม'),
(426, 'หันตรา'),
(427, 'ลุมพลี'),
(430, 'คลองสวนพลู'),
(431, 'คลองสระบัว'),
(432, 'เกาะเรียน'),
(434, 'บ้านรุน'),
(437, 'จำปา'),
(439, 'บ้านร่อม'),
(440, 'ศาลาลอย'),
(442, 'โพธิ์เอน'),
(443, 'ปากท่า'),
(444, 'หนองขนาก'),
(445, 'ท่าเจ้าสนุก'),
(446, 'นครหลวง'),
(448, 'บ่อโพง'),
(449, 'บ้านชุ้ง'),
(452, 'บางพระครู'),
(455, 'คลองสะแก'),
(456, 'สามไถ'),
(459, 'บางพลี'),
(462, 'หน้าไม้'),
(463, 'บางยี่โท'),
(464, 'แคออก'),
(465, 'แคตก'),
(466, 'ช่างเหล็ก'),
(468, 'บ้านกลึง'),
(469, 'ช้างน้อย'),
(470, 'ห่อหมก'),
(471, 'ไผ่พระ'),
(472, 'กกแก้วบูรพา'),
(473, 'ไม้ตรา'),
(476, 'ราชคราม'),
(477, 'ช้างใหญ่'),
(478, 'โพแตง'),
(481, 'บางบาล'),
(483, 'ไทรน้อย'),
(484, 'สะพานไทย'),
(485, 'มหาพราหมณ์'),
(486, 'กบเจา'),
(487, 'บ้านคลัง'),
(488, 'พระขาว'),
(490, 'ทางช้าง'),
(491, 'วัดตะกู'),
(493, 'บางหลวงโดด'),
(495, 'บางชะนี'),
(497, 'บ้านเลน'),
(498, 'เชียงรากน้อย'),
(499, 'บ้านโพ'),
(500, 'บ้านกรด'),
(501, 'บางกระสั้น'),
(502, 'คลองจิก'),
(504, 'วัดยม'),
(505, 'บางประแดง'),
(507, 'เกาะเกิด'),
(508, 'บ้านพลับ'),
(510, 'คุ้งลาน'),
(513, 'ตลาดเกรียบ'),
(514, 'ขนอนหลวง'),
(515, 'บางปะหัน'),
(516, 'ขยาย'),
(517, 'บางเดื่อ'),
(519, 'ทางกลาง'),
(520, 'บางเพลิง'),
(521, 'หันสัง'),
(522, 'บางนางร้า'),
(523, 'ตานิม'),
(524, 'ทับน้ำ'),
(525, 'บ้านม้า'),
(527, 'บ้านลี่'),
(528, 'โพธิ์สามต้น'),
(529, 'พุทเลา'),
(530, 'ตาลเอน'),
(531, 'บ้านขล้อ'),
(532, 'ผักไห่'),
(533, 'อมฤต'),
(534, 'บ้านแค'),
(535, 'ลาดน้ำเค็ม'),
(536, 'ตาลาน'),
(537, 'ท่าดินแดง'),
(538, 'ดอนลาน'),
(540, 'กุฎี'),
(541, 'ลำตะเคียน'),
(544, 'หนองน้ำใหญ่'),
(545, 'ลาดชิด'),
(546, 'หน้าโคก'),
(548, 'ภาชี'),
(550, 'ระโสม'),
(554, 'กระจิว'),
(556, 'ลาดบัวหลวง'),
(557, 'หลักชัย'),
(559, 'พระยาบันลือ'),
(560, 'สิงหนาท'),
(561, 'คู้สลอด'),
(562, 'คลองพระยาบันลือ'),
(563, 'ลำตาเสา'),
(564, 'บ่อตาโล่'),
(565, 'วังน้อย'),
(566, 'ลำไทร'),
(567, 'สนับทึบ'),
(568, 'พยอม'),
(569, 'หันตะเภา'),
(570, 'วังจุฬา'),
(571, 'ข้าวงาม'),
(572, 'ชะแมบ'),
(574, 'บ้านแพน'),
(575, 'เจ้าเจ็ด'),
(576, 'สามกอ'),
(577, 'บางนมโค'),
(579, 'มารวิชัย'),
(581, 'รางจรเข้'),
(582, 'บ้านกระทุ่ม'),
(583, 'บ้านแถว'),
(584, 'ชายนา'),
(585, 'สามตุ่ม'),
(586, 'ลาดงา'),
(589, 'เจ้าเสด็จ'),
(590, 'บางซ้าย'),
(591, 'แก้วฟ้า'),
(592, 'เต่าเล่า'),
(593, 'ปลายกลัด'),
(594, 'เทพมงคล'),
(595, 'วังพัฒนา'),
(596, 'คานหาม'),
(598, 'สามบัณฑิต'),
(599, 'บ้านหีบ'),
(600, 'หนองไม้ซุง'),
(601, 'อุทัย'),
(602, 'เสนา'),
(603, 'หนองน้ำส้ม'),
(604, 'โพสาวหาญ'),
(605, 'ธนู'),
(608, 'กะทุ่ม'),
(609, 'มหาราช'),
(610, 'น้ำเต้า'),
(611, 'บางนา'),
(613, 'เจ้าปลุก'),
(614, 'พิตเพียน'),
(616, 'บ้านขวาง'),
(617, 'ท่าตอ'),
(619, 'บ้านแพรก'),
(624, 'ตลาดหลวง'),
(628, 'บ้านแห'),
(629, 'ตลาดกรวด'),
(630, 'มหาดไทย'),
(631, 'บ้านอิฐ'),
(633, 'จำปาหล่อ'),
(634, 'โพสะ'),
(635, 'บ้านรี'),
(636, 'คลองวัว'),
(638, 'จรเข้ร้อง'),
(639, 'ไชยภูมิ'),
(640, 'ชัยฤทธิ์'),
(641, 'เทวราช'),
(642, 'ราชสถิตย์'),
(643, 'ไชโย'),
(644, 'หลักฟ้า'),
(645, 'ชะไว'),
(646, 'ตรีณรงค์'),
(648, 'ป่าโมก'),
(649, 'สายทอง'),
(651, 'บางเสด็จ'),
(652, 'นรสิงห์'),
(653, 'เอกราช'),
(654, 'โผงเผง'),
(655, 'อ่างแก้ว'),
(656, 'อินทประมูล'),
(658, 'หนองแม่ไก่'),
(659, 'รำมะสัก'),
(661, 'โพธิ์รังนก'),
(663, 'โคกพุทรา'),
(664, 'ยางช้าย'),
(666, 'ทางพระ'),
(668, 'บางเจ้าฉ่า'),
(669, 'คำหยาด'),
(670, 'แสวงหา'),
(671, 'ศรีพราน'),
(672, 'บ้านพราน'),
(674, 'สีบัวทอง'),
(676, 'จำลอง'),
(677, 'ไผ่จำศิล'),
(678, 'ศาลเจ้าโรงทอง'),
(679, 'ไผ่ดำพัฒนา'),
(680, 'สาวร้องไห้'),
(682, 'ยี่ล้น'),
(683, 'บางจัก'),
(684, 'ห้วยคันแหลน'),
(685, 'คลองขนาก'),
(686, 'ไผ่วง'),
(687, 'สี่ร้อย'),
(690, 'หลักแก้ว'),
(691, 'ตลาดใหม่'),
(692, 'สามโก้'),
(693, 'ราษฎรพัฒนา'),
(694, 'อบทม'),
(695, 'โพธิ์ม่วงพันธ์'),
(696, 'มงคลธรรมนิมิต'),
(699, 'กกโก'),
(700, 'โก่งธนู'),
(701, 'เขาพระงาม'),
(702, 'เขาสามยอด'),
(703, 'โคกกะเทียม'),
(704, 'โคกลำพาน'),
(707, 'ดอนโพธิ์'),
(708, 'ตะลุง'),
(709, 'ทะเลชุบศร'),
(713, 'บางขันหมาก'),
(714, 'บ้านข่อย'),
(715, 'ท้ายตลาด'),
(717, 'พรหมมาสตร์'),
(718, 'โพธิ์เก้าต้น'),
(719, 'โพธิ์ตรุ'),
(720, 'สี่คลอง'),
(721, 'ถนนใหญ่'),
(722, 'พัฒนานิคม'),
(723, 'ช่องสาริกา'),
(724, 'มะนาวหวาน'),
(725, 'ดีลัง'),
(726, 'โคกสลุง'),
(727, 'ชอนน้อย'),
(729, 'ห้วยขุนราม'),
(730, 'น้ำสุด'),
(731, 'โคกสำโรง'),
(736, 'คลองเกตุ'),
(737, 'สะแกราบ'),
(738, 'เพนียด'),
(739, 'วังเพลิง'),
(740, 'ดงมะรุม'),
(748, 'วังขอนขว้าง'),
(750, 'วังจั่น'),
(763, 'มหาโพธิ์'),
(765, 'ลำนารายณ์'),
(766, 'ชัยนารายณ์'),
(767, 'ศิลาทิพย์'),
(769, 'ม่วงค่อม'),
(770, 'บัวชุม'),
(771, 'ท่าดินดำ'),
(772, 'มะกอกหวาน'),
(773, 'ซับตะเคียน'),
(774, 'นาโสม'),
(775, 'หนองยายโต๊ะ'),
(776, 'เกาะรัง'),
(778, 'ท่ามะนาว'),
(781, 'นิคมลำนารายณ์'),
(782, 'ชัยบาดาล'),
(783, 'บ้านใหม่สามัคคี'),
(786, 'เขาแหลม'),
(795, 'ท่าวุ้ง'),
(796, 'บางคู้'),
(797, 'โพตลาดแก้ว'),
(798, 'บางลี่'),
(799, 'บางงา'),
(801, 'เขาสมอคอน'),
(803, 'ลาดสาลี่'),
(804, 'บ้านเบิก'),
(805, 'มุจลินท์'),
(807, 'บ้านทราย'),
(809, 'ดงพลับ'),
(810, 'บ้านชี'),
(811, 'พุคา'),
(812, 'หินปัก'),
(813, 'บางพึ่ง'),
(814, 'หนองทรายขาว'),
(815, 'บางกะพี้'),
(819, 'ดอนดึง'),
(820, 'ชอนม่วง'),
(821, 'หนองกระเบียน'),
(822, 'สายห้วยแก้ว'),
(823, 'มหาสอน'),
(824, 'บ้านหมี่'),
(825, 'เชียงงา'),
(827, 'สนามแจง'),
(829, 'แก่งผักกูด'),
(830, 'ซับจำปา'),
(831, 'หนองผักแว่น'),
(832, 'ทะเลวังวัด'),
(833, 'หัวลำ'),
(834, 'สระโบสถ์'),
(836, 'ทุ่งท่าช้าง'),
(838, 'นิยมชัย'),
(840, 'ยางราก'),
(841, 'หนองมะค่า'),
(843, 'โคกแสมสาร'),
(844, 'ลำสนธิ'),
(847, 'กุดตาเพชร'),
(848, 'เขารวก'),
(852, 'ดงดินแดง'),
(853, 'ชอนสมบูรณ์'),
(854, 'ยางโทน'),
(855, 'ชอนสารเดช'),
(856, 'บางพุทรา'),
(857, 'บางมัญ'),
(858, 'โพกรวม'),
(859, 'ม่วงหมู่'),
(860, 'หัวไผ่'),
(861, 'ต้นโพธิ์'),
(862, 'จักรสีห์'),
(865, 'ไม้ดัด'),
(866, 'เชิงกลัด'),
(867, 'โพชนไก่'),
(868, 'แม่ลา'),
(869, 'บ้านจ่า'),
(870, 'พักทัน'),
(871, 'สระแจง'),
(873, 'บางระจัน'),
(874, 'โพสังโฆ'),
(876, 'คอทราย'),
(878, 'พระงาม'),
(879, 'พรหมบุรี'),
(880, 'บางน้ำเชี่ยว'),
(882, 'บ้านแป้ง'),
(883, 'หัวป่า'),
(885, 'ถอนสมอ'),
(886, 'โพประจักษ์'),
(887, 'วิหารขาว'),
(889, 'อินทร์บุรี'),
(890, 'ประศุก'),
(891, 'ทับยา'),
(893, 'ชีน้ำร้าย'),
(895, 'น้ำตาล'),
(896, 'ทองเอน'),
(897, 'ห้วยชัน'),
(902, 'ชัยนาท'),
(903, 'เขาท่าพระ'),
(904, 'หาดท่าเสา'),
(905, 'ธรรมามูล'),
(906, 'เสือโฮก'),
(907, 'นางลือ'),
(908, 'คุ้งสำเภา'),
(909, 'วัดโคก'),
(910, 'ศิลาดาน'),
(912, 'หางน้ำสาคร'),
(913, 'ไร่พัฒนา'),
(914, 'อู่ตะเภา'),
(915, 'วัดสิงห์'),
(916, 'มะขามเฒ่า'),
(917, 'หนองน้อย'),
(919, 'หนองมะโมง*'),
(920, 'หนองขุ่น'),
(921, 'บ่อแร่'),
(922, 'กุดจอก*'),
(923, 'วังตะเคียน*'),
(924, 'สะพานหิน*'),
(926, 'สรรพยา'),
(927, 'ตลุก'),
(929, 'โพนางดำตก'),
(930, 'โพนางดำออก'),
(932, 'หาดอาษา'),
(933, 'แพรกศรีราชา'),
(934, 'เที่ยงแท้'),
(935, 'ห้วยกรด'),
(936, 'โพงาม'),
(937, 'บางขุด'),
(938, 'ดงคอน'),
(939, 'ดอนกำ'),
(940, 'ห้วยกรดพัฒนา'),
(941, 'หันคา'),
(942, 'บ้านเชี่ยน'),
(943, 'เนินขาม*'),
(944, 'สุขเดือนห้า*'),
(945, 'ไพรนกยูง'),
(947, 'ห้วยงู'),
(948, 'วังไก่เถื่อน'),
(949, 'เด่นใหญ่'),
(950, 'กะบกเตี้ย*'),
(951, 'สามง่ามท่าโบสถ์'),
(952, 'หนองมะโมง'),
(956, 'เนินขาม'),
(957, 'กะบกเตี้ย'),
(958, 'สุขเดือนห้า'),
(959, 'ปากเพรียว'),
(960, 'หน้าพระลาน*'),
(961, 'พุแค*'),
(962, 'ห้วยบง*'),
(963, 'ดาวเรือง'),
(964, 'นาโฉง'),
(968, 'ปากข้าวสาร'),
(970, 'กุดนกเปล้า'),
(972, 'ตะกุด'),
(973, 'บ้านแก้ง*'),
(974, 'ผึ้งรวง*'),
(975, 'เขาดินพัฒนา*'),
(976, 'แก่งคอย'),
(977, 'ทับกวาง'),
(981, 'หินซ้อน'),
(985, 'ชะอม'),
(988, 'ชำผักแพว'),
(989, 'ท่ามะปราง'),
(991, 'กุ่มหัก'),
(992, 'คชสิทธิ์'),
(994, 'โคกแย้'),
(995, 'บัวลอย'),
(996, 'ไผ่ต่ำ'),
(1003, 'หนองจรเข้'),
(1004, 'หนองนาก'),
(1008, 'หนองหมู'),
(1009, 'บ้านลำ'),
(1010, 'คลองเรือ'),
(1011, 'วิหารแดง'),
(1013, 'เจริญธรรม'),
(1015, 'หนองควายโซ'),
(1016, 'หนองหัวโพ'),
(1017, 'หนองสีดา'),
(1019, 'ไก่เส่า'),
(1023, 'บ้านหมอ'),
(1024, 'บางโขมด'),
(1025, 'สร่างโศก'),
(1026, 'ตลาดน้อย'),
(1027, 'หรเทพ'),
(1030, 'บ้านครัว'),
(1036, 'ดอนพุด'),
(1037, 'ไผ่หลิ่ว'),
(1039, 'ดงตะงาว'),
(1041, 'บ้านกลับ'),
(1045, 'ขุนโขลน'),
(1046, 'ธารเกษม'),
(1047, 'นายาว'),
(1048, 'พุคำจาน'),
(1050, 'ห้วยป่าหวาย'),
(1051, 'พุกร่าง'),
(1053, 'เสาไห้'),
(1055, 'หัวปลวก'),
(1057, 'ศาลารีไทย'),
(1060, 'พระยาทด'),
(1062, 'เริงราง'),
(1064, 'สวนดอกไม้'),
(1065, 'มวกเหล็ก'),
(1068, 'หนองย่างเสือ'),
(1069, 'ลำสมพุง'),
(1071, 'ลำพญากลาง'),
(1073, 'ซับสนุ่น'),
(1075, 'คำพราน'),
(1077, 'เขาดินพัฒนา'),
(1079, 'ผึ้งรวง'),
(1080, 'พุแค'),
(1082, 'หน้าพระลาน'),
(1083, 'บางปลาสร้อย'),
(1084, 'มะขามหย่ง'),
(1085, 'บ้านโขด'),
(1090, 'หนองข้างคอก'),
(1091, 'ดอนหัวฬ่อ'),
(1092, 'หนองไม้แดง'),
(1093, 'บางทราย'),
(1094, 'คลองตำหรุ'),
(1095, 'เหมือง'),
(1096, 'บ้านปึก'),
(1097, 'ห้วยกะปิ'),
(1100, 'สำนักบก'),
(1101, 'เทศบาลเมืองชลบุรี*'),
(1103, 'คลองกิ่ว'),
(1104, 'มาบไผ่'),
(1105, 'หนองซ้ำซาก'),
(1106, 'หนองบอนแดง'),
(1107, 'หนองชาก'),
(1108, 'หนองอิรุณ'),
(1109, 'หนองไผ่แก้ว'),
(1115, 'หนองเสือช้าง'),
(1116, 'ห้างสูง'),
(1117, 'เขาซก'),
(1118, 'บางละมุง'),
(1124, 'ตะเคียนเตี้ย'),
(1127, 'หนองตำลึง'),
(1128, 'มาบโป่ง'),
(1129, 'หนองกะขะ'),
(1130, 'หนองหงษ์'),
(1131, 'โคกขี้หนอน'),
(1133, 'หน้าประดู่'),
(1134, 'บางนาง'),
(1136, 'บางหัก'),
(1137, 'พนัสนิคม'),
(1138, 'หน้าพระธาตุ'),
(1141, 'นาเริก'),
(1142, 'หมอนนาง'),
(1143, 'สระสี่เหลี่ยม'),
(1145, 'กุฎโง้ง'),
(1148, 'ท่าบุญมี**'),
(1150, 'หนองขยาด'),
(1152, 'หนองเหียง'),
(1153, 'นาวังหิน'),
(1155, 'เกาะจันทร์**'),
(1156, 'โคกเพลาะ'),
(1157, 'ไร่หลักทอง'),
(1158, 'นามะตูม'),
(1159, 'บ้านเซิด'),
(1160, 'พูนพัฒนาทรัพย์'),
(1164, 'ศรีราชา'),
(1165, 'สุรศักดิ์'),
(1166, 'ทุ่งสุขลา'),
(1169, 'เขาคันทรง'),
(1171, 'บ่อวิน'),
(1173, 'ท่าเทววงษ์'),
(1174, 'สัตหีบ'),
(1175, 'นาจอมเทียน'),
(1176, 'พลูตาหลวง'),
(1177, 'บางเสร่'),
(1178, 'แสมสาร'),
(1180, 'วัดสุวรรณ'),
(1181, 'บ่อกวางทอง'),
(1183, 'เกษตรสุวรรณ'),
(1184, 'พลวงทอง'),
(1185, 'เกาะจันทร์'),
(1186, 'ท่าบุญมี'),
(1187, 'หนองปรือ*'),
(1189, 'เชิงเนิน'),
(1190, 'ตะพง'),
(1192, 'เพ'),
(1193, 'แกลง'),
(1195, 'นาตาขวัญ'),
(1196, 'เนินพระ'),
(1197, 'กะเฉด'),
(1198, 'ทับมา'),
(1199, 'น้ำคอก'),
(1201, 'มาบตาพุด'),
(1202, 'สำนักทอง'),
(1205, 'สำนักท้อน'),
(1206, 'พลา'),
(1207, 'บ้านฉาง'),
(1208, 'ทางเกวียน'),
(1210, 'ชากโดน'),
(1211, 'เนินฆ้อ'),
(1212, 'กร่ำ'),
(1213, 'ชากพง'),
(1214, 'กระแสบน'),
(1216, 'ทุ่งควายกิน'),
(1217, 'กองดิน'),
(1218, 'คลองปูน'),
(1219, 'พังราด'),
(1220, 'ปากน้ำกระแส'),
(1225, 'สองสลึง'),
(1231, 'ป่ายุบใน'),
(1232, 'พลงตาเอี่ยม'),
(1234, 'หนองละลอก'),
(1235, 'หนองตะพาน'),
(1236, 'ตาขัน'),
(1237, 'บางบุตร'),
(1239, 'ชากบก'),
(1240, 'มาบข่า*'),
(1241, 'พนานิคม*'),
(1243, 'มะขามคู่*'),
(1250, 'ปลวกแดง'),
(1251, 'ตาสิทธิ์'),
(1253, 'แม่น้ำคู้'),
(1254, 'มาบยางพร'),
(1255, 'หนองไร่'),
(1256, 'น้ำเป็น'),
(1257, 'ห้วยทับมอญ'),
(1258, 'ชำฆ้อ'),
(1261, 'มาบข่า'),
(1262, 'พนานิคม'),
(1263, 'มะขามคู่'),
(1265, 'วัดใหม่'),
(1266, 'คลองนารายณ์'),
(1267, 'เกาะขวาง'),
(1268, 'คมบาง'),
(1270, 'จันทนิมิต'),
(1271, 'บางกะจะ'),
(1272, 'แสลง'),
(1275, 'ขลุง'),
(1277, 'เกวียนหัก'),
(1278, 'ตะปอน'),
(1279, 'บางชัน'),
(1280, 'วันยาว'),
(1281, 'ซึ้ง'),
(1282, 'มาบไพ'),
(1283, 'วังสรรพรส'),
(1284, 'ตรอกนอง'),
(1285, 'ตกพรม'),
(1286, 'บ่อเวฬุ'),
(1287, 'ท่าใหม่'),
(1288, 'ยายร้า'),
(1289, 'สีพยา'),
(1290, 'บ่อพุ'),
(1291, 'พลอยแหวน'),
(1292, 'เขาวัว'),
(1293, 'เขาบายศรี'),
(1295, 'ทุ่งเบญจา'),
(1297, 'รำพัน'),
(1298, 'โขมง'),
(1299, 'ตะกาดเง้า'),
(1312, 'สนามไช'),
(1317, 'ทับไทร'),
(1320, 'หนองตาคง'),
(1327, 'มะขาม'),
(1329, 'ปัถวี'),
(1330, 'วังแซ้ม'),
(1332, 'ฉมัน'),
(1334, 'อ่างคีรี'),
(1336, 'ซากไทย'),
(1337, 'ปากน้ำแหลมสิงห์'),
(1338, 'เกาะเปริด'),
(1339, 'หนองชิ่ม'),
(1340, 'พลิ้ว'),
(1341, 'คลองน้ำเค็ม'),
(1342, 'บางสระเก้า'),
(1343, 'บางกะไชย'),
(1344, 'ปะตง'),
(1345, 'ทุ่งขนาน'),
(1348, 'สะตอน'),
(1349, 'แก่งหางแมว'),
(1350, 'ขุนซ่อง'),
(1351, 'สามพี่น้อง'),
(1352, 'พวา'),
(1353, 'เขาวงกต'),
(1354, 'นายายอาม'),
(1355, 'วังโตนด'),
(1356, 'กระแจะ'),
(1357, 'สนามไชย'),
(1358, 'ช้างข้าม'),
(1360, 'ชากไทย'),
(1361, 'พลวง'),
(1363, 'คลองพลู'),
(1364, 'จันทเขลม'),
(1366, 'หนองเสม็ด'),
(1368, 'หนองคันทรง'),
(1369, 'ห้วงน้ำขาว'),
(1370, 'อ่าวใหญ่'),
(1372, 'ห้วยแร้ง'),
(1373, 'เนินทราย'),
(1374, 'ท่าพริก'),
(1375, 'ท่ากุ่ม'),
(1376, 'ตะกาง'),
(1377, 'ชำราก'),
(1378, 'แหลมกลัด'),
(1380, 'ไม้รูด'),
(1381, 'หาดเล็ก'),
(1382, 'เขาสมิง'),
(1383, 'แสนตุ้ง'),
(1385, 'ท่าโสม'),
(1386, 'สะตอ'),
(1387, 'ประณีต'),
(1389, 'ทุ่งนนทรี'),
(1390, 'บ่อไร่'),
(1396, 'ช้างทูน'),
(1397, 'ด่านชุมพล'),
(1399, 'นนทรีย์'),
(1400, 'แหลมงอบ'),
(1401, 'น้ำเชี่ยว'),
(1402, 'บางปิด'),
(1409, 'เกาะกูด'),
(1411, 'เกาะช้างใต้'),
(1413, 'ท่าไข่'),
(1415, 'คลองนา'),
(1416, 'บางตีนเป็ด'),
(1418, 'คลองจุกกระเฌอ'),
(1420, 'บางขวัญ'),
(1421, 'คลองนครเนื่องเขต'),
(1423, 'โสธร'),
(1425, 'บางกะไห'),
(1426, 'หนามแดง'),
(1427, 'คลองเปรง'),
(1428, 'คลองอุดมชลจร'),
(1429, 'คลองหลวงแพ่ง'),
(1431, 'บางคล้า'),
(1434, 'บางสวน'),
(1438, 'บางกระเจ็ด'),
(1440, 'ท่าทองหลาง'),
(1441, 'สาวชะโงก'),
(1442, 'เสม็ดเหนือ'),
(1443, 'เสม็ดใต้'),
(1445, 'บางน้ำเปรี้ยว'),
(1446, 'บางขนาก'),
(1447, 'สิงโตทอง'),
(1448, 'หมอนทอง'),
(1449, 'บึงน้ำรักษ์'),
(1450, 'ดอนเกาะกา'),
(1451, 'โยธะกา'),
(1452, 'ดอนฉิมพลี'),
(1454, 'โพรงอากาศ'),
(1455, 'บางปะกง'),
(1456, 'ท่าสะอ้าน'),
(1457, 'บางวัว'),
(1458, 'บางสมัคร'),
(1459, 'บางผึ้ง'),
(1460, 'บางเกลือ'),
(1461, 'สองคลอง'),
(1463, 'พิมพา'),
(1465, 'หอมศีล'),
(1468, 'เกาะไร่'),
(1470, 'คลองบ้านโพธิ์'),
(1471, 'คลองประเวศ'),
(1474, 'ท่าพลับ'),
(1475, 'หนองตีนนก'),
(1477, 'บางซ่อน'),
(1478, 'บางกรูด'),
(1479, 'แหลมประดู่'),
(1480, 'ลาดขวาง'),
(1482, 'แสนภูดาษ'),
(1483, 'สิบเอ็ดศอก'),
(1484, 'เกาะขนุน'),
(1485, 'บ้านซ่อง'),
(1486, 'พนมสารคาม'),
(1489, 'ท่าถ่าน'),
(1491, 'เขาหินซ้อน'),
(1492, 'บางคา'),
(1494, 'ดงน้อย'),
(1495, 'คู้ยายหมี'),
(1497, 'ทุ่งพระยา'),
(1499, 'ลาดกระทิง'),
(1501, 'แปลงยาว'),
(1503, 'หัวสำโรง'),
(1504, 'หนองไม้แก่น'),
(1505, 'ท่าตะเกียบ'),
(1506, 'คลองตะเกรา'),
(1507, 'ก้อนแก้ว'),
(1508, 'คลองเขื่อน'),
(1509, 'บางเล่า'),
(1510, 'บางโรง'),
(1511, 'บางตลาด'),
(1515, 'บางเดชะ'),
(1517, 'บางบริบูรณ์'),
(1518, 'ดงพระราม'),
(1519, 'บ้านพระ'),
(1520, 'โคกไม้ลาย'),
(1521, 'ไม้เค็ด'),
(1522, 'ดงขี้เหล็ก'),
(1523, 'เนินหอม'),
(1524, 'โนนห้อม'),
(1525, 'กบินทร์'),
(1527, 'วังดาล'),
(1528, 'นนทรี'),
(1530, 'วังตะเคียน'),
(1531, 'หาดนางแก้ว'),
(1532, 'ลาดตะเคียน'),
(1538, 'วังท่าช้าง'),
(1544, 'สำพันตา'),
(1545, 'สะพานหิน'),
(1547, 'แก่งดินสอ'),
(1548, 'บุพราหมณ์'),
(1570, 'บ้านสร้าง'),
(1574, 'บางแตน'),
(1575, 'บางพลวง'),
(1576, 'บางปลาร้า'),
(1577, 'บางขาม'),
(1578, 'กระทุ่มแพ้ว'),
(1579, 'ประจันตคาม'),
(1580, 'เกาะลอย'),
(1581, 'บ้านหอย'),
(1584, 'คำโตนด'),
(1585, 'บุฝ้าย'),
(1587, 'โพธิ์งาม'),
(1588, 'ศรีมหาโพธิ'),
(1589, 'สัมพันธ์'),
(1590, 'บ้านทาม'),
(1593, 'ดงกระทงยาม'),
(1594, 'หนองโพรง'),
(1595, 'หัวหว้า'),
(1596, 'หาดยาง'),
(1597, 'กรอกสมบูรณ์'),
(1602, 'โคกปีบ'),
(1604, 'คู้ลำพัน'),
(1605, 'ไผ่ชะเลือด'),
(1650, 'นครนายก'),
(1652, 'บ้านใหญ่'),
(1653, 'วังกระโจม'),
(1655, 'ดอนยอ'),
(1656, 'ศรีจุฬา'),
(1657, 'ดงละคร'),
(1658, 'ศรีนาวา'),
(1659, 'สาริกา'),
(1662, 'พรหมณี'),
(1663, 'เกาะหวาย'),
(1664, 'เกาะโพธิ์'),
(1665, 'ปากพลี'),
(1669, 'นาหินลาด'),
(1672, 'บ้านพริก'),
(1673, 'อาษา'),
(1675, 'บางอ้อ'),
(1676, 'พิกุลออก'),
(1677, 'ป่าขะ'),
(1678, 'เขาเพิ่ม'),
(1679, 'ศรีกะอาง'),
(1680, 'พระอาจารย์'),
(1681, 'บึงศาล'),
(1682, 'ศีรษะกระบือ'),
(1683, 'โพธิ์แทน'),
(1684, 'บางสมบูรณ์'),
(1686, 'บางปลากด'),
(1687, 'บางลูกเสือ'),
(1693, 'ศาลาลำดวน'),
(1694, 'โคกปี่ฆ้อง'),
(1695, 'ท่าแยก'),
(1696, 'ท่าเกษม'),
(1698, 'สระขวัญ'),
(1703, 'คลองหาด'),
(1704, 'ไทยอุดม'),
(1705, 'ซับมะกรูด'),
(1706, 'ไทรเดี่ยว'),
(1707, 'คลองไก่เถื่อน'),
(1708, 'เบญจขร'),
(1710, 'ตาพระยา'),
(1711, 'ทัพเสด็จ'),
(1712, 'โคกสูง*'),
(1713, 'หนองแวง*'),
(1714, 'หนองม่วง*'),
(1715, 'ทัพราช'),
(1716, 'ทัพไทย'),
(1717, 'โนนหมากมุ่น*'),
(1718, 'โคคลาน'),
(1720, 'วังสมบูรณ์*'),
(1721, 'ตาหลังใน'),
(1722, 'วังใหม่*'),
(1723, 'คลองหินปูน'),
(1724, 'ทุ่งมหาเจริญ'),
(1725, 'วังทอง*'),
(1726, 'วัฒนานคร'),
(1727, 'ท่าเกวียน'),
(1728, 'ผักขะ'),
(1729, 'โนนหมากเค็ง'),
(1731, 'ช่องกุ่ม'),
(1733, 'แซร์ออ'),
(1734, 'หนองหมากฝ้าย'),
(1735, 'หนองตะเคียนบอน'),
(1737, 'อรัญประเทศ'),
(1739, 'หันทราย'),
(1740, 'คลองน้ำใส'),
(1743, 'ทับพริก'),
(1744, 'บ้านใหม่หนองไทร'),
(1745, 'ผ่านศึก'),
(1747, 'คลองทับจันทร์'),
(1748, 'ฟากห้วย'),
(1750, 'เขาฉกรรจ์'),
(1752, 'พระเพลิง'),
(1753, 'เขาสามสิบ'),
(1757, 'โนนหมากมุ่น'),
(1758, 'วังสมบูรณ์'),
(1762, 'โพธิ์กลาง'),
(1763, 'หนองจะบก'),
(1765, 'มะเริง'),
(1767, 'ปรุใหญ่'),
(1768, 'หมื่นไวย'),
(1769, 'พลกรัง'),
(1774, 'พุดซา'),
(1776, 'จอหอ'),
(1777, 'โคกกรวด'),
(1778, 'ไชยมงคล'),
(1779, 'หนองบัวศาลา'),
(1780, 'สุรนารี'),
(1781, 'สีมุม'),
(1783, 'พะเนา'),
(1785, 'หนองไข่น้ำ'),
(1786, 'แชะ'),
(1787, 'เฉลียง'),
(1788, 'ครบุรี'),
(1789, 'โคกกระชาย'),
(1790, 'จระเข้หิน'),
(1791, 'มาบตะโกเอน'),
(1792, 'อรพิมพ์'),
(1794, 'ลำเพียก'),
(1795, 'ครบุรีใต้'),
(1796, 'ตะแบกบาน'),
(1797, 'สระว่านพระยา'),
(1798, 'เสิงสาง'),
(1799, 'สระตะเคียน'),
(1801, 'กุดโบสถ์'),
(1802, 'สุขไพบูลย์'),
(1803, 'บ้านราษฎร์'),
(1805, 'คูขาด'),
(1806, 'เทพาลัย'),
(1807, 'ตาจั่น'),
(1808, 'บ้านปรางค์'),
(1809, 'หนองมะนาว'),
(1811, 'โนนเต็ง'),
(1813, 'ขามสมบูรณ์'),
(1814, 'บ้านเหลื่อม'),
(1815, 'วังโพธิ์'),
(1816, 'โคกกระเบื้อง'),
(1817, 'ช่อระกา'),
(1818, 'จักราช'),
(1827, 'ศรีละกอ'),
(1828, 'คลองเมือง'),
(1831, 'กระโทก'),
(1833, 'ท่าอ่าง'),
(1834, 'ทุ่งอรุณ'),
(1835, 'ท่าลาดขาว'),
(1836, 'ท่าจะหลุง'),
(1839, 'ละลมใหม่พัฒนา'),
(1840, 'ด่านเกวียน'),
(1841, 'กุดพิมาน'),
(1842, 'ด่านขุนทด'),
(1843, 'ด่านนอก'),
(1844, 'ด่านใน'),
(1847, 'บ้านแปรง'),
(1848, 'พันชนะ'),
(1849, 'สระจรเข้'),
(1850, 'หนองกราด'),
(1851, 'หนองบัวตะเกียด'),
(1852, 'หนองบัวละคร'),
(1857, 'โนนเมืองพัฒนา'),
(1860, 'โนนไทย'),
(1861, 'ด่านจาก'),
(1862, 'กำปัง'),
(1864, 'ค้างพลู'),
(1865, 'บ้านวัง'),
(1866, 'บัลลังก์'),
(1867, 'สายออ'),
(1868, 'ถนนโพธิ์'),
(1876, 'ใหม่'),
(1878, 'บิง'),
(1879, 'ดอนชมพู'),
(1880, 'ธารปราสาท'),
(1881, 'หลุมข้าว'),
(1883, 'พลสงคราม'),
(1884, 'จันอัด'),
(1886, 'ด่านคล้า'),
(1887, 'ลำคอหงษ์'),
(1888, 'เมืองปราสาท'),
(1889, 'ดอนหวาย'),
(1890, 'ลำมูล'),
(1891, 'ขามสะแกแสง'),
(1893, 'เมืองนาท'),
(1894, 'ชีวึก'),
(1895, 'พะงาด'),
(1896, 'หนองหัวฟาน'),
(1897, 'เมืองเกษตร'),
(1900, 'เสมาใหญ่'),
(1902, 'ดอนตะหนิน'),
(1903, 'หนองบัวสะอาด'),
(1904, 'โนนทองหลาง'),
(1910, 'กุดจอก'),
(1916, 'ขุนทอง'),
(1920, 'หนองแจ้งใหญ่'),
(1921, 'ประทาย'),
(1923, 'กระทุ่มราย'),
(1924, 'วังไม้แดง'),
(1927, 'หนองพลวง'),
(1928, 'หนองค่าย'),
(1929, 'หันห้วยทราย'),
(1930, 'ดอนมัน'),
(1933, 'นางรำ'),
(1934, 'โนนเพ็ด'),
(1938, 'เมืองโดน'),
(1939, 'เมืองปัก'),
(1940, 'ตะคุ'),
(1941, 'โคกไทย'),
(1943, 'ตะขบ'),
(1944, 'นกออก'),
(1949, 'สะแกราช'),
(1950, 'ลำนางแก้ว'),
(1954, 'ภูหลวง'),
(1955, 'ธงชัยเหนือ'),
(1956, 'สุขเกษม'),
(1957, 'เกษมทรัพย์'),
(1958, 'บ่อปลาทอง'),
(1960, 'สัมฤทธิ์'),
(1961, 'โบสถ์'),
(1962, 'กระเบื้องใหญ่'),
(1964, 'รังกาใหญ่'),
(1965, 'ชีวาน'),
(1966, 'นิคมสร้างตนเอง'),
(1967, 'กระชอน'),
(1969, 'ธารละหลอด'),
(1970, 'หนองระเวียง'),
(1971, 'ห้วยแถลง'),
(1972, 'ทับสวาย'),
(1973, 'เมืองพลับพลา'),
(1974, 'หลุ่งตะเคียน'),
(1977, 'กงรถ'),
(1978, 'หลุ่งประดู่'),
(1980, 'ห้วยแคน'),
(1981, 'ชุมพวง'),
(1982, 'ประสุข'),
(1984, 'สาหร่าย'),
(1985, 'ตลาดไทร'),
(1996, 'โนนตูม'),
(1997, 'โนนยอ'),
(1999, 'เสมา'),
(2000, 'โคราช'),
(2001, 'บุ่งขี้เหล็ก'),
(2002, 'โนนค่า'),
(2003, 'โค้งยาง'),
(2004, 'มะเกลือเก่า'),
(2005, 'มะเกลือใหม่'),
(2009, 'ขามทะเลสอ'),
(2011, 'พันดุง'),
(2013, 'บึงอ้อ'),
(2014, 'สีคิ้ว'),
(2018, 'หนองหญ้าขาว'),
(2019, 'กุดน้อย'),
(2021, 'วังโรงใหญ่'),
(2023, 'คลองไผ่'),
(2024, 'ดอนเมือง'),
(2025, 'หนองบัวน้อย'),
(2028, 'จันทึก'),
(2029, 'วังกะทะ'),
(2030, 'หมูสี'),
(2032, 'ขนงพระ'),
(2033, 'โป่งตาลอง'),
(2034, 'คลองม่วง'),
(2035, 'หนองน้ำแดง'),
(2037, 'พญาเย็น'),
(2038, 'หนองบุนนาก'),
(2041, 'หนองหัวแรต'),
(2043, 'หนองตะไก้'),
(2044, 'ลุงเขว้า'),
(2045, 'หนองไม้ไผ่'),
(2047, 'แก้งสนามนาง'),
(2049, 'บึงพะไล'),
(2050, 'สีสุก'),
(2051, 'บึงสำโรง'),
(2053, 'โนนตาเถร'),
(2054, 'สำพะเนียง'),
(2056, 'ดอนยาวใหญ่'),
(2058, 'วังหมี'),
(2059, 'ระเริง'),
(2060, 'อุดมทรัพย์'),
(2062, 'สำนักตะคร้อ'),
(2064, 'บึงปรือ'),
(2065, 'วังยายทอง'),
(2067, 'กระเบื้องนอก'),
(2068, 'ละหานปลาค้าว'),
(2070, 'สระพระ'),
(2071, 'มาบกราด'),
(2072, 'พังเทียม'),
(2073, 'ทัพรั้ง'),
(2075, 'ขุย'),
(2077, 'ช่องแมว'),
(2079, 'เมืองพะไล'),
(2080, 'โนนจาน'),
(2081, 'บัวลาย'),
(2083, 'สีดา'),
(2085, 'โนนประดู่'),
(2086, 'สามเมือง'),
(2087, 'หนองตาดใหญ่'),
(2088, 'ช้างทอง'),
(2090, 'พระพุทธ'),
(2094, 'อิสาณ'),
(2095, 'เสม็ด'),
(2097, 'สะแกโพรง'),
(2098, 'สวายจีก'),
(2101, 'บ้านด่าน*'),
(2103, 'ปราสาท*'),
(2104, 'พระครู'),
(2105, 'ถลุงเหล็ก'),
(2106, 'หนองตาด'),
(2107, 'โนนขวาง*'),
(2109, 'ลุมปุ๊ก'),
(2111, 'บัวทอง'),
(2112, 'ชุมเห็ด'),
(2114, 'หลักเขต'),
(2115, 'วังเหนือ*'),
(2117, 'สะแกซำ'),
(2118, 'กลันทา'),
(2120, 'เมืองฝาง'),
(2124, 'ปะเคียบ'),
(2125, 'บ้านแพ'),
(2126, 'พรสำราญ'),
(2128, 'ตูมใหญ่'),
(2129, 'หนองขมาร'),
(2132, 'สองชั้น'),
(2133, 'สูงเนิน'),
(2134, 'หนองเต็ง'),
(2137, 'บ้านปรือ'),
(2141, 'นางรอง'),
(2142, 'ตาเป๊ก*'),
(2146, 'หนองโบสถ์'),
(2148, 'หนองกง'),
(2151, 'เจริญสุข*'),
(2153, 'ถนนหัก'),
(2157, 'ลำไทรโยง'),
(2158, 'ทรัพย์พระยา'),
(2159, 'อีสานเขต*'),
(2164, 'หนองยายพิมพ์'),
(2166, 'ทุ่งแสงทอง'),
(2174, 'หนองกี่'),
(2175, 'เย้ยปราสาท'),
(2176, 'เมืองไผ่'),
(2177, 'ดอนอะราง'),
(2179, 'ทุ่งกระตาดพัฒนา'),
(2180, 'ทุ่งกระเต็น'),
(2181, 'ท่าโพธิ์ชัย'),
(2183, 'บุกระสัง'),
(2184, 'ละหานทราย'),
(2185, 'ถาวร*'),
(2186, 'ตาจง'),
(2187, 'สำโรงใหม่'),
(2189, 'ยายแย้มวัฒนา*'),
(2193, 'หนองตะครอง'),
(2194, 'โคกว่าน'),
(2196, 'ประโคนชัย'),
(2197, 'แสลงโทน'),
(2200, 'ละเวี้ย'),
(2201, 'จรเข้มาก'),
(2202, 'ปังกู'),
(2203, 'โคกย่าง'),
(2205, 'โคกม้า'),
(2209, 'ตะโกตาพิ'),
(2210, 'เขาคอก'),
(2213, 'โคกมะขาม'),
(2214, 'โคกตูม'),
(2216, 'สี่เหลี่ยม'),
(2220, 'บ้านกรวด'),
(2221, 'โนนเจริญ'),
(2222, 'หนองไม้งาม'),
(2224, 'สายตะกู'),
(2226, 'บึงเจริญ'),
(2227, 'จันทบเพชร'),
(2228, 'เขาดินเหนือ'),
(2229, 'พุทไธสง'),
(2230, 'มะเฟือง'),
(2231, 'บ้านจาน'),
(2235, 'บ้านแวง'),
(2236, 'บ้านแดงใหญ่'),
(2241, 'ลำปลายมาศ'),
(2243, 'แสลงพัน'),
(2244, 'ทะเมนชัย'),
(2245, 'ตลาดโพธิ์'),
(2246, 'หนองกะทิง'),
(2249, 'เมืองแฝก'),
(2251, 'ผไทรินทร์'),
(2253, 'หินโคน'),
(2255, 'บุโพธิ์'),
(2260, 'สตึก'),
(2262, 'ทุ่งวัง'),
(2266, 'แคนดง*'),
(2267, 'ดงพลอง*'),
(2268, 'ดอนมนต์'),
(2271, 'สะแก'),
(2272, 'สระบัว*'),
(2274, 'กระสัง'),
(2275, 'หัวฝาย*'),
(2276, 'ปะคำ'),
(2279, 'โคกมะม่วง'),
(2280, 'หูทำนบ'),
(2282, 'บ้านคู'),
(2284, 'ดอนกอก'),
(2287, 'ห้วยหิน'),
(2288, 'ไทยสามัคคี'),
(2289, 'หนองชัยศรี'),
(2290, 'เสาเดียว'),
(2291, 'เมืองฝ้าย'),
(2292, 'สระทอง'),
(2293, 'จันดุม'),
(2295, 'ป่าชัน'),
(2298, 'ห้วยราช'),
(2299, 'สามแวง'),
(2300, 'ตาเสา'),
(2301, 'บ้านตะโก'),
(2302, 'สนวน'),
(2303, 'โคกเหล็ก'),
(2304, 'เมืองโพธิ์'),
(2305, 'ห้วยราชา'),
(2306, 'โนนสุวรรณ'),
(2307, 'ทุ่งจังหัน'),
(2308, 'โกรกแก้ว'),
(2309, 'ดงอีจาน'),
(2310, 'ชำนิ'),
(2311, 'หนองปล่อง'),
(2312, 'เมืองยาง'),
(2313, 'ช่อผกา'),
(2314, 'ละลวด'),
(2315, 'โคกสนวน'),
(2319, 'กู่สวนแตง'),
(2320, 'หนองเยือง'),
(2321, 'โนนดินแดง'),
(2323, 'ลำนางรอง'),
(2327, 'โนนขวาง'),
(2328, 'แคนดง'),
(2329, 'ดงพลอง'),
(2332, 'เจริญสุข'),
(2333, 'ตาเป๊ก'),
(2334, 'อีสานเขต'),
(2335, 'ถาวร'),
(2336, 'ยายแย้มวัฒนา'),
(2338, 'ตั้งใจ'),
(2339, 'เพี้ยราม'),
(2341, 'ท่าสว่าง'),
(2342, 'สลักได'),
(2343, 'ตาอ็อง'),
(2344, 'ตากูก*'),
(2346, 'แกใหญ่'),
(2347, 'นอกเมือง'),
(2348, 'คอโค'),
(2350, 'เฉนียง'),
(2351, 'บึง*'),
(2352, 'เทนมีย์'),
(2353, 'เขวาสินรินทร์*'),
(2355, 'เมืองที'),
(2356, 'ราม'),
(2357, 'บุฤาษี'),
(2358, 'ตระแสง'),
(2359, 'บ้านแร่*'),
(2360, 'ปราสาททอง*'),
(2361, 'แสลงพันธ์'),
(2362, 'กาเกาะ'),
(2363, 'ชุมพลบุรี'),
(2364, 'นาหนองไผ่'),
(2365, 'ไพรขลา'),
(2366, 'ศรีณรงค์'),
(2367, 'ยะวึก'),
(2369, 'สระขุด'),
(2370, 'กระเบื้อง'),
(2373, 'กระโพ'),
(2374, 'พรมเทพ'),
(2375, 'โพนครก'),
(2376, 'เมืองแก'),
(2377, 'บะ'),
(2379, 'บัวโคก'),
(2380, 'หนองเมธี'),
(2383, 'เมืองลีง'),
(2384, 'กระหาด'),
(2385, 'บุแกรง'),
(2386, 'หนองสนิท'),
(2388, 'ลุ่มระวี'),
(2390, 'เป็นสุข'),
(2391, 'กังแอน'),
(2392, 'ทมอ'),
(2393, 'ไพล'),
(2394, 'ปรือ'),
(2396, 'ตาเบา'),
(2400, 'บ้านไทร'),
(2401, 'โชคนาสาม'),
(2402, 'เชื้อเพลิง'),
(2403, 'ปราสาททนง'),
(2404, 'ตานี'),
(2405, 'บ้านพลวง'),
(2406, 'กันตวจระมวล'),
(2407, 'สมุด'),
(2408, 'ประทัดบุ'),
(2414, 'กาบเชิง'),
(2419, 'แนงมุด'),
(2420, 'โคกตะเคียน'),
(2424, 'รัตนบุรี'),
(2426, 'แก'),
(2427, 'ดอนแรด'),
(2428, 'หนองบัวทอง'),
(2430, 'หนองหลวง*'),
(2431, 'หนองเทพ*'),
(2433, 'โนน*'),
(2434, 'เบิด'),
(2435, 'ระเวียง*'),
(2436, 'น้ำเขียว'),
(2437, 'กุดขาคีม'),
(2438, 'ยางสว่าง'),
(2439, 'ทับใหญ่'),
(2440, 'คำผง*'),
(2446, 'สนม'),
(2447, 'โพนโก'),
(2448, 'หนองระฆัง'),
(2449, 'นานวน'),
(2452, 'หนองอียอ'),
(2453, 'ระแงง'),
(2454, 'ตรึม'),
(2455, 'จารพัต'),
(2457, 'แตล'),
(2459, 'คาละแมะ'),
(2461, 'หนองขวาว'),
(2462, 'ช่างปี่'),
(2463, 'กุดหวาย'),
(2464, 'ขวาวใหญ่'),
(2465, 'นารุ่ง'),
(2466, 'ตรมไพร'),
(2468, 'สังขะ'),
(2469, 'ขอนแตก'),
(2473, 'ดม'),
(2474, 'พระแก้ว'),
(2475, 'บ้านจารย์'),
(2476, 'กระเทียม'),
(2477, 'สะกาด'),
(2478, 'ตาตุม'),
(2479, 'ทับทัน'),
(2480, 'ตาคง'),
(2482, 'บ้านชบ'),
(2484, 'เทพรักษา'),
(2485, 'คูตัน'),
(2487, 'ลำดวน'),
(2488, 'โชคเหนือ'),
(2489, 'อู่โลก'),
(2490, 'ตรำดม'),
(2491, 'ตระเปียงเตีย'),
(2492, 'สำโรงทาบ'),
(2494, 'กระออม'),
(2495, 'หนองฮะ'),
(2498, 'หมื่นศรี'),
(2499, 'เสม็จ'),
(2500, 'สะโน'),
(2501, 'ประดู่'),
(2502, 'บัวเชด'),
(2504, 'จรัส'),
(2505, 'ตาวัง'),
(2506, 'อาโพน'),
(2507, 'สำเภาลูน'),
(2508, 'บักได'),
(2510, 'จีกแดก'),
(2511, 'ตาเมียง'),
(2512, 'ณรงค์'),
(2513, 'แจนแวน'),
(2514, 'ตรวจ'),
(2517, 'เขวาสินรินทร์'),
(2518, 'บึง'),
(2519, 'ตากูก'),
(2520, 'ปราสาททอง'),
(2521, 'บ้านแร่'),
(2523, 'คำผง'),
(2524, 'โนน'),
(2525, 'ระเวียง'),
(2526, 'หนองเทพ'),
(2527, 'เมืองเหนือ'),
(2528, 'เมืองใต้'),
(2529, 'คูซอด'),
(2530, 'ซำ'),
(2532, 'ตะดอบ'),
(2533, 'หนองครก'),
(2537, 'โพนข่า'),
(2538, 'โพนค้อ'),
(2541, 'โพนเขวา'),
(2542, 'หญ้าปล้อง'),
(2544, 'ทุ่ม'),
(2550, 'หมากเขียบ'),
(2559, 'ยางชุมน้อย'),
(2561, 'คอนกาม'),
(2563, 'กุดเมืองฮาม'),
(2564, 'บึงบอน'),
(2565, 'ยางชุมใหญ่'),
(2566, 'ดูน'),
(2572, 'ทาม'),
(2573, 'ละทาย'),
(2575, 'อีปาด'),
(2576, 'บัวน้อย'),
(2579, 'ผักแพว'),
(2580, 'จาน'),
(2581, 'ตองบิด'),
(2585, 'คำเนียม'),
(2592, 'บึงมะลู'),
(2593, 'กุดเสลา'),
(2596, 'สังเม็ก'),
(2598, 'ละลาย'),
(2599, 'รุง'),
(2600, 'ตระกาจ'),
(2602, 'จานใหญ่'),
(2604, 'ชำ'),
(2605, 'กระแชง'),
(2607, 'หนองหญ้าลาด'),
(2610, 'เสาธงชัย'),
(2611, 'ขนุน'),
(2616, 'ภูผาหมอก'),
(2621, 'กันทรารมย์'),
(2622, 'จะกง'),
(2623, 'ใจดี'),
(2624, 'ดองกำเม็ด'),
(2625, 'โสน'),
(2626, 'ปรือใหญ่'),
(2627, 'สะเดาใหญ่'),
(2628, 'ตาอุด'),
(2629, 'ห้วยเหนือ'),
(2630, 'ห้วยใต้'),
(2633, 'ตะเคียน'),
(2637, 'โคกเพชร'),
(2640, 'ห้วยติ๊กชู'),
(2641, 'สำโรงตาเจ็น'),
(2642, 'ห้วยสำราญ'),
(2645, 'ลมศักดิ์'),
(2646, 'หนองฉลอง'),
(2647, 'ศรีตระกูล'),
(2648, 'ศรีสะอาด'),
(2650, 'ไพรบึง'),
(2652, 'ปราสาทเยอ'),
(2653, 'สำโรงพลัน'),
(2654, 'สุขสวัสดิ์'),
(2655, 'โนนปูน'),
(2656, 'พิมาย'),
(2657, 'กู่'),
(2658, 'หนองเชียงทูน'),
(2660, 'สมอ'),
(2662, 'สำโรงปราสาท'),
(2664, 'สวาย'),
(2665, 'พิมายเหนือ'),
(2666, 'สิ'),
(2667, 'บักดอง'),
(2668, 'พราน'),
(2669, 'โพธิ์วงศ์'),
(2670, 'ไพร'),
(2671, 'กระหวัน'),
(2672, 'ขุนหาญ'),
(2674, 'กันทรอม'),
(2675, 'ภูฝ้าย'),
(2676, 'โพธิ์กระสังข์'),
(2677, 'ห้วยจันทร์'),
(2678, 'เมืองคง'),
(2679, 'เมืองแคน'),
(2680, 'หนองแค'),
(2681, 'กุง*'),
(2682, 'คลีกลิ้ง*'),
(2683, 'จิกสังข์ทอง'),
(2684, 'ด่าน'),
(2685, 'ดู่'),
(2686, 'หนองอึ่ง'),
(2687, 'บัวหุ่ง'),
(2691, 'หว้านคำ'),
(2692, 'สร้างปี่'),
(2693, 'โจดม่วง*'),
(2694, 'หนองบัวดง*'),
(2696, 'อี่หล่ำ'),
(2698, 'ทุ่งไชย'),
(2700, 'แขม'),
(2702, 'ขะยูง'),
(2704, 'ตาเกษ'),
(2706, 'รังแร้ง'),
(2708, 'แต้'),
(2709, 'แข้'),
(2716, 'สระกำแพงใหญ่'),
(2718, 'โคกหล่าม'),
(2726, 'เป๊าะ'),
(2727, 'บึงบูรพ์'),
(2728, 'ห้วยทับทัน'),
(2729, 'เมืองหลวง'),
(2730, 'กล้วยกว้าง'),
(2731, 'ผักไหม'),
(2732, 'จานแสนไชย'),
(2733, 'ปราสาท'),
(2735, 'บก'),
(2736, 'โพธิ์'),
(2738, 'เหล่ากวาง'),
(2740, 'พิงพวย'),
(2741, 'สระเยาว์'),
(2742, 'ตูม'),
(2743, 'เสื่องข้าว'),
(2744, 'ศรีโนนงาม'),
(2745, 'สะพุง'),
(2746, 'น้ำเกลี้ยง'),
(2747, 'ละเอาะ'),
(2748, 'ตองปิด'),
(2749, 'เขิน'),
(2750, 'รุ่งระวี'),
(2751, 'คูบ'),
(2752, 'บุสูง'),
(2754, 'ดวนใหญ่'),
(2757, 'ทุ่งสว่าง'),
(2759, 'โพนยาง'),
(2760, 'โคกตาล'),
(2761, 'ห้วยตามอญ'),
(2762, 'ห้วยตึ๊กชู'),
(2763, 'ละลม'),
(2764, 'ตะเคียนราม'),
(2765, 'ดงรัก'),
(2766, 'ไพรพัฒนา'),
(2767, 'เมืองจันทร์'),
(2768, 'ตาโกน'),
(2774, 'ท่าคล้อ'),
(2775, 'พยุห์'),
(2776, 'พรหมสวัสดิ์'),
(2777, 'ตำแย'),
(2778, 'โนนเพ็ก'),
(2779, 'หนองค้า'),
(2780, 'โดด'),
(2781, 'เสียว'),
(2782, 'หนองม้า'),
(2783, 'ผือใหญ่'),
(2784, 'อีเซ'),
(2785, 'กุง'),
(2786, 'คลีกลิ้ง'),
(2787, 'หนองบัวดง'),
(2788, 'โจดม่วง'),
(2793, 'หนองขอน'),
(2795, 'ปทุม'),
(2796, 'ขามใหญ่'),
(2797, 'แจระแม'),
(2800, 'ไร่น้อย'),
(2801, 'กระโสบ'),
(2804, 'กุดลาด'),
(2808, 'ปะอาว'),
(2810, 'แก้งกอก'),
(2811, 'เอือดใหญ่'),
(2812, 'วาริน'),
(2813, 'ลาดควาย'),
(2815, 'ตะบ่าย'),
(2816, 'คำไหล'),
(2817, 'หนามแท่ง'),
(2818, 'นาเลิน'),
(2820, 'โขงเจียม'),
(2822, 'นาโพธิ์กลาง'),
(2823, 'หนองแสงใหญ่'),
(2826, 'เขื่องใน'),
(2827, 'สร้างถ่อ'),
(2828, 'ค้อทอง'),
(2829, 'ก่อเอ้'),
(2830, 'หัวดอน'),
(2831, 'ชีทวน'),
(2832, 'ท่าไห'),
(2833, 'นาคำใหญ่'),
(2834, 'แดงหม้อ'),
(2835, 'ธาตุน้อย'),
(2836, 'บ้านไทย'),
(2840, 'ยางขี้นก'),
(2842, 'สหธาตุ'),
(2844, 'เขมราฐ'),
(2847, 'เจียด'),
(2851, 'นาแวง'),
(2853, 'แก้งเหนือ'),
(2854, 'หนองนกทา'),
(2864, 'เมืองเดช'),
(2865, 'นาส่วง'),
(2867, 'นาเจริญ'),
(2872, 'กุดประทาย'),
(2873, 'ตบหู'),
(2875, 'แก้ง'),
(2876, 'ท่าโพธิ์ศรี'),
(2879, 'คำครั่ง'),
(2880, 'นากระแซง'),
(2884, 'ป่าโมง'),
(2887, 'นาจะหลวย'),
(2890, 'บ้านตูม'),
(2891, 'โสกแสง'),
(2893, 'โซง'),
(2894, 'ตาเกา*'),
(2896, 'โดมประดิษฐ์'),
(2897, 'ขี้เหล็ก*'),
(2898, 'บุเปือย'),
(2899, 'สีวิเชียร'),
(2900, 'ไพบูลย์*'),
(2903, 'เก่าขาม'),
(2905, 'ห้วยข่า'),
(2906, 'คอแลน'),
(2908, 'หนองสะโน'),
(2909, 'โนนค้อ'),
(2911, 'บ้านแมด'),
(2912, 'ขุหลุ'),
(2913, 'กระเดียน'),
(2914, 'เกษม'),
(2915, 'กุศกร'),
(2918, 'โคกจาน'),
(2919, 'นาพิน'),
(2920, 'นาสะไม'),
(2921, 'โนนกุง'),
(2922, 'ตระการ'),
(2924, 'ไหล่ทุ่ง'),
(2925, 'เป้า'),
(2926, 'เซเป็ด'),
(2927, 'สะพือ'),
(2929, 'ถ้ำแข้'),
(2931, 'ห้วยฝ้ายพัฒนา'),
(2932, 'กุดยาลวน'),
(2934, 'คำเจริญ'),
(2935, 'ข้าวปุ้น'),
(2936, 'โนนสวาง'),
(2937, 'แก่งเค็ง'),
(2938, 'กาบิน'),
(2939, 'หนองทันน้ำ'),
(2948, 'ม่วงสามสิบ'),
(2949, 'เหล่าบก'),
(2950, 'ดุมใหญ่'),
(2951, 'หนองช้างใหญ่'),
(2952, 'หนองเมือง'),
(2953, 'เตย'),
(2954, 'ยางสักกระโพหลุ่ม'),
(2955, 'หนองไข่นก'),
(2956, 'หนองเหล่า'),
(2957, 'หนองฮาง'),
(2958, 'ยางโยภาพ'),
(2959, 'ไผ่ใหญ่'),
(2962, 'วารินชำราบ'),
(2966, 'โนนโหนน'),
(2969, 'สระสมิง'),
(2971, 'คำน้ำแซบ'),
(2972, 'บุ่งหวาย'),
(2976, 'คำขวาง'),
(2981, 'หนองกินเพล'),
(2982, 'โนนผึ้ง'),
(2983, 'เมืองศรีไค'),
(2985, 'ห้วยขะยูง'),
(2987, 'บุ่งไหม'),
(2999, 'คิ่มใหญ่'),
(3025, 'พิบูล'),
(3026, 'กุดชมภู'),
(3028, 'ดอนจิก'),
(3035, 'ระเว'),
(3036, 'ไร่ใต้'),
(3037, 'หนองบัวฮี'),
(3038, 'อ่างศิลา'),
(3039, 'นิคมสร้างตนเองฯ'),
(3042, 'โนนกาหลง'),
(3043, 'บ้านแขม'),
(3044, 'ตาลสุม'),
(3046, 'จิกเทิง'),
(3048, 'นาคาย'),
(3049, 'คำหว้า'),
(3051, 'ม่วงใหญ่'),
(3055, 'เหล่างาม'),
(3059, 'ค้อน้อย'),
(3060, 'โนนกาเล็น'),
(3062, 'โนนกลาง'),
(3063, 'บอน'),
(3071, 'ดอนมดแดง'),
(3072, 'เหล่าแดง'),
(3073, 'ท่าเมือง'),
(3074, 'คำไฮใหญ่'),
(3075, 'คันไร่'),
(3076, 'ช่องเม็ก'),
(3077, 'โนนก่อ'),
(3078, 'นิคมสร้างตนเองลำโดมน้อย'),
(3079, 'ฝางคำ'),
(3081, 'ทุ่งเทิง'),
(3082, 'หนองอ้ม'),
(3083, 'นาเกษม'),
(3084, 'กุดเรือ'),
(3085, 'โคกชำแระ'),
(3086, 'นาห่อม'),
(3094, 'นาเยีย'),
(3096, 'นาเรือง'),
(3098, 'พะลาน'),
(3099, 'กองโพน'),
(3100, 'พังเคน'),
(3101, 'เหล่าเสือโก้ก'),
(3103, 'แพงใหญ่'),
(3104, 'หนองบก'),
(3105, 'แก่งโดม'),
(3107, 'บุ่งมะแลง'),
(3109, 'ตาเกา'),
(3110, 'ไพบูลย์'),
(3114, 'น้ำคำใหญ่'),
(3117, 'ค้อเหนือ'),
(3118, 'ดู่ทุ่ง'),
(3119, 'เดิด'),
(3120, 'ขั้นไดใหญ่'),
(3121, 'ทุ่งแต้'),
(3123, 'นาสะไมย์'),
(3124, 'เขื่องคำ'),
(3127, 'ขุมเงิน'),
(3128, 'ทุ่งนางโอก'),
(3133, 'ดู่ลาย'),
(3136, 'ดู่ลาด'),
(3140, 'กุดชุม'),
(3141, 'โนนเปือย'),
(3142, 'กำแมด'),
(3143, 'นาโส่'),
(3144, 'ห้วยแก้ง'),
(3145, 'หนองหมี'),
(3147, 'คำน้ำสร้าง'),
(3148, 'หนองแหน'),
(3149, 'ลุมพุก'),
(3150, 'ย่อ'),
(3152, 'โพนทัน'),
(3153, 'ทุ่งมน'),
(3155, 'ดงแคนใหญ่'),
(3156, 'กู่จาน'),
(3158, 'กุดกุง'),
(3159, 'เหล่าไฮ'),
(3160, 'แคนน้อย'),
(3161, 'ดงเจริญ'),
(3163, 'กระจาย'),
(3164, 'โคกนาโก'),
(3167, 'ฟ้าหยาด'),
(3170, 'ผือฮี'),
(3171, 'บากเรือ'),
(3173, 'โนนทราย'),
(3174, 'บึงแก'),
(3175, 'พระเสาร์'),
(3176, 'สงยาง'),
(3181, 'ฟ้าห่วน'),
(3184, 'ค้อวัง'),
(3186, 'บุ่งค้า'),
(3187, 'สวาท'),
(3189, 'ห้องแซง'),
(3191, 'กุดเชียงหมี'),
(3197, 'สร้างมิ่ง'),
(3198, 'ศรีแก้ว'),
(3205, 'ไทยเจริญ'),
(3209, 'คำไผ่'),
(3214, 'บ้านค่าย'),
(3215, 'กุดตุ้ม'),
(3216, 'ชีลอง'),
(3217, 'บ้านเล่า'),
(3218, 'นาเสียว'),
(3219, 'หนองนาแซง'),
(3222, 'ท่าหินโงม'),
(3223, 'ห้วยต้อน'),
(3224, 'ห้วยบง'),
(3225, 'โนนสำราญ'),
(3228, 'ซับสีทอง'),
(3231, 'บ้านเขว้า'),
(3232, 'ตลาดแร้ง'),
(3233, 'ลุ่มลำชี'),
(3234, 'ชีบน'),
(3235, 'ภูแลนคา'),
(3238, 'ยางหวาย'),
(3243, 'โคกมั่งงอย'),
(3250, 'กุดเลาะ'),
(3251, 'โนนกอก'),
(3252, 'สระโพนทอง'),
(3254, 'หนองโพนงาม'),
(3255, 'บ้านบัว'),
(3256, 'ซับสีทอง*'),
(3258, 'หนองบัวแดง'),
(3259, 'กุดชุมแสง'),
(3260, 'ถ้ำวัวแดง'),
(3261, 'นางแดด'),
(3266, 'ท่าใหญ่'),
(3271, 'บ้านกอก'),
(3276, 'หนองโดน'),
(3277, 'ละหาน'),
(3280, 'หนองบัวใหญ่'),
(3281, 'หนองบัวโคก'),
(3282, 'ท่ากูบ*'),
(3283, 'ส้มป่อย'),
(3284, 'ซับใหญ่*'),
(3286, 'ตะโกทอง*'),
(3287, 'บ้านชวน'),
(3290, 'หัวทะเล'),
(3291, 'โคกเริงรมย์'),
(3292, 'เกาะมะนาว'),
(3293, 'โคกเพชรพัฒนา'),
(3298, 'หนองบัวระเหว'),
(3299, 'วังตะเฆ่'),
(3300, 'ห้วยแย้'),
(3302, 'โสกปลาดุก'),
(3303, 'วะตะแบก'),
(3304, 'ห้วยยายจิ๋ว'),
(3305, 'นายางกลัก'),
(3307, 'โป่งนก'),
(3308, 'ผักปัง'),
(3309, 'กวางโจน'),
(3310, 'หนองคอนไทย'),
(3312, 'กุดยม'),
(3313, 'บ้านเพชร'),
(3316, 'โอโล'),
(3320, 'สามสวน'),
(3322, 'บ้านเต่า'),
(3324, 'ช่องสามหมอ'),
(3329, 'หลุบคา'),
(3330, 'โคกกุง'),
(3331, 'เก่าย่าดี'),
(3332, 'ท่ามะไฟหวาน'),
(3334, 'คอนสาร'),
(3335, 'ทุ่งพระ'),
(3336, 'โนนคูณ'),
(3338, 'ทุ่งลุยลาย'),
(3340, 'ทุ่งนาเลา'),
(3342, 'บ้านเจียง'),
(3343, 'เจาทอง'),
(3345, 'แหลมทอง'),
(3346, 'หนองฉิม'),
(3347, 'ตาเนิน'),
(3348, 'กะฮาด'),
(3349, 'รังงาม'),
(3350, 'ซับใหญ่'),
(3351, 'ท่ากูบ'),
(3352, 'ตะโกทอง'),
(3353, 'บุ่ง'),
(3354, 'ไก่คำ'),
(3355, 'นาจิก'),
(3356, 'ปลาค้าว'),
(3357, 'เหล่าพรวน'),
(3358, 'สร้างนกทา'),
(3359, 'คึมใหญ่'),
(3360, 'นาผือ'),
(3361, 'น้ำปลีก'),
(3362, 'นาวัง'),
(3363, 'นาหมอม้า'),
(3364, 'โนนโพธิ์'),
(3365, 'โนนหนามแท่ง'),
(3367, 'หนองมะแซว'),
(3369, 'ดอนเมย'),
(3382, 'ชานุมาน'),
(3383, 'โคกสาร'),
(3384, 'คำเขื่อนแก้ว'),
(3385, 'โคกก่ง'),
(3386, 'ป่าก่อ'),
(3388, 'หนองข่า'),
(3389, 'คำโพน'),
(3391, 'ลือ'),
(3392, 'ห้วย'),
(3393, 'โนนงาม'),
(3394, 'นาป่าแซง'),
(3395, 'พนา'),
(3396, 'จานลาน'),
(3397, 'ไม้กลอน'),
(3398, 'พระเหลา'),
(3402, 'เสนางคนิคม'),
(3404, 'ไร่สีสุก'),
(3405, 'นาเวียง'),
(3407, 'หนองสามสี'),
(3409, 'คำพระ'),
(3410, 'เค็งใหญ่'),
(3412, 'โพนเมืองน้อย'),
(3413, 'สร้างถ่อน้อย'),
(3414, 'จิกดู่'),
(3415, 'รัตนวารี'),
(3416, 'อำนาจ'),
(3417, 'ดงมะยาง'),
(3418, 'เปือย'),
(3420, 'ไร่ขี'),
(3421, 'แมด'),
(3452, 'โนนภูทอง*'),
(3456, 'โคกนาเหล่า'),
(3479, 'นาสี'),
(3486, 'กุดผึ้ง'),
(3490, 'วังปลาป้อม'),
(3495, 'ท่าพระ'),
(3496, 'บ้านทุ่ม'),
(3498, 'พระลับ'),
(3499, 'สาวะถี'),
(3500, 'บ้านหว้า'),
(3502, 'แดงใหญ่'),
(3503, 'ดอนช้าง'),
(3504, 'ดอนหัน'),
(3506, 'บ้านเป็ด'),
(3508, 'บึงเนียม'),
(3509, 'โนนท่อน'),
(3513, 'ป่าหวายนั่ง'),
(3514, 'โนนฆ้อง'),
(3516, 'ป่ามะนาว'),
(3519, 'พระยืน'),
(3520, 'พระบุ'),
(3521, 'บ้านโต้น'),
(3525, 'บ้านเม็ง'),
(3526, 'บ้านกง'),
(3528, 'จระเข้'),
(3530, 'กุดกว้าง'),
(3534, 'ชุมแพ'),
(3535, 'โนนหัน'),
(3536, 'นาหนองทุ่ม'),
(3537, 'โนนอุดม'),
(3538, 'ขัวเรียง'),
(3540, 'ไชยสอ'),
(3541, 'วังหินลาด'),
(3543, 'หนองเขียด'),
(3544, 'หนองเสาเล้า'),
(3548, 'นาจาน'),
(3549, 'วังเพิ่ม'),
(3550, 'ซำยาง'),
(3553, 'บริบูรณ์'),
(3555, 'ภูห่าน'),
(3556, 'น้ำพอง'),
(3557, 'วังชัย'),
(3561, 'ม่วงหวาน'),
(3563, 'บัวเงิน'),
(3565, 'ท่ากระเสริม'),
(3566, 'พังทุย'),
(3570, 'เขื่อนอุบลรัตน์'),
(3572, 'ศรีสุขสำราญ'),
(3573, 'ทุ่งโป่ง'),
(3575, 'หนองกุงใหญ่'),
(3578, 'ห้วยโจด'),
(3582, 'ดูนสาด'),
(3588, 'บ้านไผ่'),
(3593, 'เปือยใหญ่*'),
(3595, 'บ้านหัน*'),
(3596, 'บ้านลาน'),
(3597, 'แคนเหนือ'),
(3598, 'ภูเหล็ก'),
(3600, 'ป่าปอ'),
(3601, 'หินตั้ง'),
(3603, 'หนองน้ำใส'),
(3604, 'หัวหนอง'),
(3607, 'หนองปลาหมอ*'),
(3612, 'เปือยน้อย'),
(3613, 'วังม่วง'),
(3616, 'เมืองพล'),
(3617, 'โจดหนองแก'),
(3618, 'เก่างิ้ว'),
(3619, 'หนองมะเขือ'),
(3620, 'หนองแวงโสกพระ'),
(3621, 'เพ็กใหญ่'),
(3622, 'โคกสง่า'),
(3623, 'หนองแวงนางเบ้า'),
(3624, 'ลอมคอม'),
(3625, 'โนนข่า'),
(3626, 'โสกนกเต็น'),
(3630, 'ท่านางแมว'),
(3633, 'ละหารนา'),
(3638, 'คอนฉิม'),
(3639, 'ใหม่นาเพียง'),
(3641, 'แวงใหญ่'),
(3643, 'แวงน้อย'),
(3645, 'ท่านางแนว'),
(3646, 'ละหานนา'),
(3647, 'ท่าวัด'),
(3648, 'ทางขวาง'),
(3650, 'คึมชาด'),
(3651, 'โนนธาตุ'),
(3655, 'ดอนดู่'),
(3656, 'ดงเค็ง'),
(3657, 'หันโจด'),
(3658, 'ดอนดั่ง'),
(3660, 'หนองไผ่ล้อม'),
(3661, 'บ้านเรือ'),
(3664, 'หว้าทอง'),
(3665, 'กุดขอนแก่น'),
(3668, 'เขาน้อย*'),
(3670, 'หนองกุงธนสาร'),
(3672, 'หนองกุงเซิน'),
(3673, 'สงเปือย'),
(3674, 'ทุ่งชมพู'),
(3675, 'เมืองเก่าพัฒนา*'),
(3677, 'ภูเวียง'),
(3678, 'กุดเค้า'),
(3679, 'สวนหม่อน'),
(3681, 'โพนเพ็ก'),
(3682, 'คำแคน'),
(3690, 'ชนบท'),
(3691, 'กุดเพียขอม'),
(3693, 'ห้วยแก'),
(3694, 'บ้านแท่น'),
(3696, 'โนนพะยอม'),
(3697, 'ปอแดง'),
(3698, 'เขาสวนกวาง'),
(3699, 'ดงเมืองแอม'),
(3702, 'คำม่วง'),
(3703, 'โนนคอม'),
(3704, 'นาฝาย'),
(3705, 'ภูผาม่าน'),
(3706, 'วังสวาบ'),
(3708, 'กระนวน'),
(3709, 'คำแมด'),
(3710, 'บ้านโนน'),
(3711, 'คูคำ'),
(3714, 'โพธิ์ไชย'),
(3716, 'นาแพง'),
(3717, 'กุดธาตุ'),
(3719, 'ขนวน'),
(3720, 'บ้านแฮด'),
(3721, 'โคกสำราญ'),
(3726, 'บ้านหัน'),
(3727, 'เปือยใหญ่'),
(3730, 'เมืองเก่าพัฒนา'),
(3732, 'บ้านเป็ด*'),
(3733, 'หมากแข้ง'),
(3734, 'นิคมสงเคราะห์'),
(3741, 'หนองนาคำ'),
(3742, 'กุดสระ'),
(3744, 'บ้านเลื่อม'),
(3745, 'เชียงพิณ'),
(3746, 'สามพร้าว'),
(3749, 'บ้านจั่น'),
(3750, 'หนองขอนกว้าง'),
(3752, 'นากว้าง'),
(3761, 'หนองปุ'),
(3762, 'กุดจับ'),
(3764, 'ขอนยูง'),
(3765, 'เชียงเพ็ง'),
(3766, 'สร้างก่อ'),
(3767, 'เมืองเพีย'),
(3768, 'ตาลเลียน'),
(3769, 'หมากหญ้า'),
(3771, 'อูบมุง'),
(3772, 'กุดหมากไฟ'),
(3773, 'น้ำพ่น'),
(3774, 'หนองบัวบาน'),
(3775, 'โนนหวาย'),
(3776, 'หนองวัวซอ'),
(3777, 'ตูมใต้'),
(3778, 'พันดอน'),
(3779, 'เวียงคำ'),
(3780, 'แชแล'),
(3781, 'อุ่มจาน*'),
(3782, 'เชียงแหว'),
(3783, 'ห้วยเกิ้ง'),
(3784, 'ห้วยสามพาด*'),
(3785, 'เสอเพลอ'),
(3786, 'สีออ'),
(3788, 'นาม่วง*'),
(3791, 'กุมภวาปี'),
(3792, 'หนองหว้า'),
(3799, 'บุ่งแก้ว'),
(3800, 'โพธิ์ศรีสำราญ'),
(3801, 'ทมนางาม'),
(3804, 'หนองหาน'),
(3808, 'พังงู'),
(3809, 'สะแบง'),
(3810, 'สร้อยพร้าว'),
(3812, 'บ้านเชียง'),
(3813, 'บ้านยา'),
(3815, 'ผักตบ'),
(3820, 'ดอนหายโศก'),
(3821, 'หนองสระปลา'),
(3829, 'ทุ่งฝน'),
(3831, 'นาชุมแสง'),
(3833, 'ไชยวาน'),
(3834, 'หนองหลัก'),
(3835, 'คำเลาะ'),
(3837, 'ศรีธาตุ'),
(3838, 'จำปี'),
(3839, 'บ้านโปร่ง'),
(3841, 'หนองนกเขียน'),
(3843, 'ตาดทอง'),
(3844, 'หนองกุงทับม้า'),
(3846, 'บะยาว'),
(3847, 'ผาสุก'),
(3848, 'คำโคกสูง'),
(3849, 'วังสามหมอ'),
(3850, 'ศรีสุทโธ'),
(3851, 'บ้านดุง'),
(3854, 'อ้อมกอ'),
(3855, 'บ้านจันทน์'),
(3856, 'บ้านชัย'),
(3857, 'นาไหม'),
(3858, 'ถ่อนนาลับ'),
(3861, 'บ้านตาด'),
(3864, 'หนองภัยศูนย์'),
(3866, 'หนองสวรรค์'),
(3868, 'บ้านขาม'),
(3869, 'นามะเฟือง'),
(3871, 'โนนขมิ้น'),
(3874, 'โนนทัน'),
(3875, 'นาคำไฮ'),
(3876, 'ป่าไม้งาม'),
(3878, 'เมืองใหม่'),
(3881, 'กุดสะเทียน'),
(3884, 'ยางหล่อ'),
(3885, 'โนนม่วง'),
(3886, 'หนองกุงแก้ว'),
(3889, 'หันนางาม'),
(3892, 'นาเหล่า'),
(3894, 'กุดดินจี่'),
(3896, 'เก่ากลอย'),
(3899, 'อุทัยสวรรค์'),
(3900, 'ดงสวรรค์'),
(3902, 'กุดแห่'),
(3903, 'เทพคีรี'),
(3904, 'โนนภูทอง'),
(3915, 'นาด่าน'),
(3917, 'สุวรรณคูหา'),
(3918, 'บุญทัน'),
(3919, 'โนนสัง'),
(3922, 'กุดดู่'),
(3924, 'โนนเมือง'),
(3928, 'ปางกู่'),
(3930, 'หายโศก'),
(3931, 'เขือน้ำ'),
(3934, 'ข้าวสาร'),
(3935, 'จำปาโมง'),
(3936, 'กลางใหญ่'),
(3938, 'คำด้วง'),
(3939, 'หนองหัวคู'),
(3942, 'บ้านเม็ก'),
(3944, 'น้ำโสม'),
(3948, 'บ้านหยวก'),
(3949, 'โสมเยี่ยม'),
(3953, 'ทุบกุง'),
(3957, 'เพ็ญ'),
(3958, 'บ้านธาตุ'),
(3959, 'นาพู่'),
(3960, 'เชียงหวาง'),
(3961, 'สุมเส้า'),
(3965, 'เตาไห'),
(3966, 'โคกกลาง'),
(3967, 'สร้างแป้น'),
(3971, 'สร้างคอม'),
(3972, 'เชียงดา'),
(3973, 'บ้านยวด'),
(3975, 'นาสะอาด'),
(3976, 'บ้านหินโงม'),
(3978, 'แสงสว่าง'),
(3980, 'ทับกุง'),
(3981, 'นายูง'),
(3982, 'บ้านก้อง'),
(3983, 'นาแค'),
(3984, 'โนนทอง'),
(3985, 'บ้านแดง'),
(3988, 'บ้านจีต'),
(3989, 'โนนทองอินทร์'),
(3991, 'คอนสาย'),
(3992, 'นาม่วง'),
(3993, 'ห้วยสามพาด'),
(3995, 'กุดป่อง'),
(3996, 'เมือง'),
(3997, 'นาอ้อ'),
(3998, 'กกดู่'),
(3999, 'น้ำหมาน'),
(4000, 'เสี้ยว'),
(4001, 'นาอาน'),
(4003, 'นาดินดำ'),
(4004, 'น้ำสวย'),
(4005, 'ชัยพฤกษ์'),
(4006, 'นาแขม'),
(4007, 'ศรีสองรัก'),
(4008, 'กกทอง'),
(4009, 'นาด้วง'),
(4010, 'นาดอกคำ'),
(4012, 'ท่าสวรรค์'),
(4015, 'นาซ่าว'),
(4017, 'ปากตม'),
(4018, 'บุฮม'),
(4019, 'จอมศรี'),
(4020, 'หาดทรายขาว'),
(4021, 'ปากชม'),
(4022, 'เชียงกลม'),
(4023, 'หาดคัมภีร์'),
(4024, 'ห้วยบ่อซืน'),
(4025, 'ห้วยพิชัย'),
(4026, 'ชมเจริญ'),
(4027, 'ด่านซ้าย'),
(4028, 'ปากหมัน'),
(4030, 'โคกงาม'),
(4032, 'อิปุ่ม'),
(4033, 'กกสะทอน'),
(4034, 'โป่ง'),
(4036, 'นาหอ'),
(4040, 'นาพึ่ง'),
(4044, 'นาแห้ว'),
(4045, 'แสงภา'),
(4046, 'นาพึง'),
(4047, 'นามาลา'),
(4048, 'เหล่ากอหก'),
(4051, 'ร่องจิก'),
(4052, 'ปลาบ่า'),
(4053, 'ลาดค่าง'),
(4054, 'สานตม'),
(4055, 'ท่าลี่'),
(4057, 'อาฮี'),
(4058, 'น้ำแคม'),
(4059, 'โคกใหญ่'),
(4060, 'น้ำทูน'),
(4061, 'วังสะพุง'),
(4064, 'หนองงิ้ว'),
(4065, 'ปากปวน'),
(4066, 'ผาน้อย'),
(4070, 'ผาบิ้ง'),
(4071, 'เขาหลวง'),
(4072, 'โคกขมิ้น'),
(4077, 'ศรีฐาน'),
(4078, 'ปวนพุ*'),
(4081, 'ผานกเค้า'),
(4083, 'ภูกระดึง'),
(4084, 'หนองหิน*'),
(4086, 'ห้วยส้ม'),
(4087, 'ตาดข่า*'),
(4088, 'ภูหอ'),
(4089, 'หนองคัน'),
(4090, 'วังน้ำใส*'),
(4091, 'ห้วยสีเสียด'),
(4092, 'เลยวังไสย์'),
(4093, 'แก่งศรีภูมิ'),
(4094, 'ผาขาว'),
(4095, 'ท่าช้างคล้อง'),
(4096, 'โนนปอแดง'),
(4097, 'โนนป่าซาง'),
(4098, 'บ้านเพิ่ม'),
(4100, 'ผาอินทร์แปลง'),
(4101, 'ผาสามยอด'),
(4102, 'ทรัพย์ไพวัลย์'),
(4104, 'ตาดข่า'),
(4105, 'ปวนพุ'),
(4107, 'มีชัย'),
(4109, 'กวนวัน'),
(4110, 'เวียงคุก'),
(4111, 'วัดธาตุ'),
(4112, 'หาดคำ'),
(4113, 'หินโงม'),
(4115, 'ค่ายบกหวาน'),
(4118, 'พระธาตุบังพวน'),
(4121, 'หนองกอมเกาะ'),
(4122, 'ปะโค'),
(4123, 'เมืองหมี'),
(4124, 'สีกาย'),
(4125, 'ท่าบ่อ'),
(4126, 'น้ำโมง'),
(4127, 'กองนาง'),
(4128, 'โคกคอน'),
(4129, 'บ้านเดื่อ'),
(4131, 'บ้านว่าน'),
(4133, 'โพนสา'),
(4134, 'หนองนาง'),
(4135, 'จุมพล'),
(4136, 'วัดหลวง'),
(4137, 'กุดบง'),
(4138, 'ชุมช้าง'),
(4141, 'เหล่าต่างคำ'),
(4142, 'นาหนัง'),
(4143, 'เซิม'),
(4154, 'บ้านผือ'),
(4155, 'สร้างนางขาว'),
(4156, 'พานพร้าว'),
(4157, 'โพธิ์ตาก*'),
(4160, 'หนองปลาปาก'),
(4161, 'โพนทอง*'),
(4162, 'ด่านศรีสุข*'),
(4163, 'แก้งไก่'),
(4164, 'ผาตั้ง'),
(4166, 'นางิ้ว'),
(4167, 'สังคม'),
(4168, 'สระใคร'),
(4169, 'คอกช้าง'),
(4171, 'เฝ้าไร่'),
(4175, 'อุดมพร'),
(4176, 'รัตนวาปี'),
(4177, 'นาทับไฮ'),
(4178, 'บ้านต้อน'),
(4179, 'พระบาทนาสิงห์'),
(4183, 'ด่านศรีสุข'),
(4185, 'เขวา'),
(4186, 'ท่าตูม'),
(4187, 'แวงน่าง'),
(4188, 'โคกก่อ'),
(4189, 'ดอนหว่าน'),
(4190, 'เกิ้ง'),
(4191, 'แก่งเลิงจาน'),
(4192, 'ท่าสองคอน'),
(4193, 'ลาดพัฒนา'),
(4195, 'ห้วยแอ่ง'),
(4196, 'หนองโน'),
(4197, 'บัวค้อ'),
(4198, 'แกดำ'),
(4199, 'วังแสง'),
(4200, 'มิตรภาพ'),
(4202, 'โนนภิบาล'),
(4203, 'หัวขวาง'),
(4204, 'ยางน้อย'),
(4207, 'แพง'),
(4208, 'แก้งแก'),
(4209, 'หนองเหล็ก'),
(4212, 'เขื่อน'),
(4213, 'หนองบอน'),
(4215, 'ยางท่าแจ้ง'),
(4216, 'แห่ใต้'),
(4217, 'หนองกุงสวรรค์'),
(4218, 'เลิงใต้'),
(4219, 'ดอนกลาง'),
(4220, 'โคกพระ'),
(4221, 'คันธารราษฎร์'),
(4222, 'มะค่า'),
(4223, 'ท่าขอนยาง'),
(4225, 'ขามเรียง'),
(4226, 'เขวาใหญ่'),
(4227, 'ศรีสุข'),
(4228, 'กุดใส้จ่อ'),
(4229, 'ขามเฒ่าพัฒนา'),
(4230, 'เชียงยืน'),
(4231, 'ชื่นชม*'),
(4232, 'หนองซอน'),
(4233, 'เหล่าดอกไม้*'),
(4234, 'ดอนเงิน'),
(4235, 'กู่ทอง'),
(4236, 'นาทอง'),
(4237, 'เสือเฒ่า'),
(4238, 'กุดปลาดุก*'),
(4239, 'หนองกุง*'),
(4241, 'เหล่าบัวบาน'),
(4242, 'บรบือ'),
(4243, 'บ่อใหญ่'),
(4245, 'วังไชย'),
(4246, 'หนองม่วง'),
(4247, 'กำพี้'),
(4248, 'โนนราษี'),
(4249, 'โนนแดง'),
(4252, 'บัวมาศ'),
(4254, 'หนองคูขาด'),
(4257, 'ยาง'),
(4259, 'หนองสิม'),
(4260, 'หนองโก'),
(4261, 'ดอนงัว'),
(4263, 'สำโรง'),
(4265, 'เขวาไร่'),
(4267, 'ปอพาน'),
(4268, 'หนองเม็ก'),
(4269, 'หนองเรือ'),
(4271, 'สันป่าตอง'),
(4272, 'ปะหลาน'),
(4273, 'ก้ามปู'),
(4274, 'เวียงสะอาด'),
(4275, 'เม็กดำ'),
(4276, 'นาสีนวล'),
(4280, 'ราษฎร์เจริญ'),
(4281, 'หนองบัวแก้ว'),
(4283, 'เมืองเตา'),
(4286, 'ลานสะแก'),
(4289, 'ราษฎร์พัฒนา'),
(4290, 'เมืองเสือ'),
(4291, 'ภารแอ่น'),
(4293, 'ขามป้อม'),
(4294, 'เสือโก้ก'),
(4295, 'ดงใหญ่'),
(4297, 'หัวเรือ'),
(4298, 'แคน'),
(4299, 'งัวบา'),
(4300, 'นาข่า'),
(4302, 'หนองไฮ'),
(4303, 'ประชาพัฒนา'),
(4305, 'หนองแสน'),
(4306, 'โคกสีทองหลาง'),
(4310, 'นาดูน'),
(4312, 'หนองคู'),
(4314, 'ดงดวน'),
(4316, 'ดงยาง'),
(4317, 'กู่สันตรัตน์'),
(4319, 'ยางสีสุราช'),
(4320, 'นาภู'),
(4321, 'แวงดง'),
(4322, 'บ้านกู่'),
(4323, 'ดงเมือง'),
(4324, 'ขามเรียน'),
(4325, 'หนองบัวสันตุ'),
(4326, 'กุดรัง'),
(4328, 'เลิงแฝก'),
(4330, 'ห้วยเตย'),
(4331, 'ชื่นชม'),
(4332, 'กุดปลาดุก'),
(4333, 'เหล่าดอกไม้'),
(4337, 'เหนือเมือง'),
(4338, 'ขอนแก่น'),
(4340, 'สะอาดสมบูรณ์'),
(4342, 'สีแก้ว'),
(4343, 'ปอภาร  (ปอพาน)'),
(4344, 'โนนรัง'),
(4351, 'หนองแก้ว'),
(4354, 'ดงลาน'),
(4357, 'แคนใหญ่'),
(4359, 'เมืองทอง'),
(4369, 'เกษตรวิสัย'),
(4370, 'เมืองบัว'),
(4371, 'เหล่าหลวง'),
(4372, 'สิงห์โคก'),
(4373, 'ดงครั่งใหญ่'),
(4374, 'บ้านฝาง'),
(4377, 'กู่กาสิงห์'),
(4378, 'น้ำอ้อม'),
(4379, 'โนนสว่าง'),
(4381, 'ดงครั่งน้อย'),
(4382, 'บัวแดง'),
(4383, 'ดอกล้ำ'),
(4386, 'โนนสวรรค์'),
(4387, 'สระบัว'),
(4388, 'โนนสง่า'),
(4392, 'เมืองหงส์'),
(4393, 'โคกล่าม'),
(4394, 'น้ำใส'),
(4395, 'ดงแดง'),
(4397, 'ป่าสังข์'),
(4398, 'อีง่อง'),
(4399, 'ลิ้นฟ้า'),
(4400, 'ดู่น้อย'),
(4401, 'ศรีโคตร'),
(4402, 'นิเวศน์'),
(4403, 'ธงธานี'),
(4405, 'ธวัชบุรี'),
(4407, 'อุ่มเม้า'),
(4408, 'มะอึ'),
(4409, 'เหล่า*'),
(4410, 'มะบ้า*'),
(4411, 'เขวาทุ่ง'),
(4413, 'บึงงาม*'),
(4416, 'ไพศาล'),
(4417, 'เทอดไทย*'),
(4418, 'เมืองน้อย'),
(4423, 'ราชธานี'),
(4424, 'ทุ่งเขาหลวง*'),
(4426, 'พนมไพร'),
(4427, 'แสนสุข'),
(4428, 'กุดน้ำใส'),
(4429, 'หนองทัพไทย'),
(4430, 'โพธิ์ใหญ่'),
(4431, 'วารีสวัสดิ์'),
(4436, 'โพธิ์ชัย'),
(4437, 'นานวล'),
(4438, 'คำไฮ'),
(4440, 'ค้อใหญ่'),
(4442, 'ชานุวรรณ'),
(4444, 'โคกกกม่วง'),
(4449, 'โนนชัยศรี'),
(4450, 'โพธิ์ศรีสว่าง'),
(4453, 'พรมสวรรค์'),
(4454, 'สระนกแก้ว'),
(4455, 'วังสามัคคี'),
(4459, 'คำพอง'),
(4462, 'ขามเบี้ย'),
(4463, 'ขามเปี้ย'),
(4464, 'เชียงใหม่'),
(4465, 'บัวคำ'),
(4466, 'อัคคะคำ'),
(4467, 'สะอาด'),
(4468, 'คำพอุง'),
(4469, 'หนองตาไก้'),
(4470, 'ดอนโอง'),
(4471, 'โพธิ์ศรี'),
(4472, 'หนองพอก'),
(4475, 'กกโพธิ์'),
(4477, 'หนองขุ่นใหญ่'),
(4478, 'รอบเมือง'),
(4479, 'ผาน้ำย้อย'),
(4480, 'ท่าสีดา'),
(4481, 'กลาง'),
(4483, 'เมืองไพร'),
(4485, 'นาเมือง'),
(4488, 'ขวาว'),
(4490, 'ภูเงิน'),
(4492, 'นาเลิง'),
(4493, 'เหล่าน้อย'),
(4494, 'ศรีวิลัย'),
(4496, 'พรสวรรค์'),
(4497, 'ขวัญเมือง'),
(4498, 'บึงเกลือ'),
(4499, 'สระคู'),
(4500, 'ดอกไม้'),
(4501, 'นาใหญ่'),
(4503, 'เมืองทุ่ง'),
(4504, 'หัวโทน'),
(4505, 'บ่อพันขัน'),
(4507, 'หัวช้าง'),
(4508, 'น้ำคำ'),
(4509, 'ห้วยหินลาด'),
(4511, 'ทุ่งกุลา'),
(4512, 'ทุ่งศรีเมือง'),
(4513, 'จำปาขัน'),
(4516, 'คูเมือง'),
(4517, 'กกกุง'),
(4518, 'เมืองสรวง'),
(4521, 'ศรีสว่าง'),
(4522, 'ยางคำ'),
(4523, 'ท่าหาดยาว'),
(4525, 'โพนเมือง'),
(4526, 'บ้านแจ้ง'),
(4527, 'หน่อม'),
(4528, 'หนองหมื่นถ่าน'),
(4530, 'โหรา'),
(4534, 'เมยวดี'),
(4535, 'ชุมพร'),
(4536, 'บุ่งเลิศ'),
(4537, 'ชมสะอาด'),
(4540, 'เมืองเปลือย'),
(4542, 'สวนจิก'),
(4543, 'โพธิ์สัย'),
(4544, 'หนองแวงควง'),
(4546, 'ดินดำ'),
(4547, 'ปาฝา'),
(4548, 'ม่วงลาด'),
(4549, 'จังหาร'),
(4550, 'ดงสิงห์'),
(4551, 'ยางใหญ่'),
(4552, 'ผักแว่น'),
(4553, 'แสนชาติ'),
(4554, 'เชียงขวัญ'),
(4555, 'พลับพลา'),
(4557, 'พระเจ้า'),
(4558, 'หมูม้น'),
(4559, 'บ้านเขือง'),
(4561, 'สาวแห'),
(4562, 'ดูกอึ่ง'),
(4563, 'เด่นราษฎร์'),
(4564, 'ทุ่งเขาหลวง'),
(4566, 'บึงงาม'),
(4567, 'มะบ้า'),
(4568, 'เหล่า'),
(4569, 'กาฬสินธุ์'),
(4570, 'เหนือ'),
(4571, 'หลุบ'),
(4572, 'ไผ่'),
(4573, 'ลำปาว'),
(4574, 'ลำพาน'),
(4576, 'บึงวิชัย'),
(4577, 'ห้วยโพธิ์'),
(4578, 'ม่วงนา*'),
(4579, 'ภูปอ'),
(4580, 'ดงพยุง*'),
(4581, 'ภูดิน'),
(4582, 'ดอนจาน*'),
(4583, 'หนองกุง'),
(4584, 'กลางหมื่น'),
(4586, 'นาจำปา*'),
(4588, 'นาจารย์'),
(4589, 'ลำคลอง'),
(4590, 'สะอาดไชยศรี*'),
(4591, 'นามน*'),
(4592, 'ยอดแกง*'),
(4593, 'นามน'),
(4594, 'ยอดแกง'),
(4596, 'หลักเหลี่ยม'),
(4598, 'กมลาไสย'),
(4599, 'หลักเมือง'),
(4601, 'ดงลิง'),
(4602, 'ธัญญา'),
(4603, 'กุดฆ้องชัย*'),
(4604, 'ลำชี*'),
(4606, 'โคกสะอาด*'),
(4607, 'เจ้าท่า'),
(4608, 'โคกสมบูรณ์'),
(4609, 'โนนศิลา*'),
(4610, 'ฆ้องชัยพัฒนา*'),
(4611, 'ร่องคำ'),
(4613, 'เหล่าอ้อย'),
(4614, 'บัวขาว'),
(4615, 'แจนแลน'),
(4616, 'เหล่าใหญ่'),
(4617, 'จุมจัง'),
(4618, 'เหล่าไฮงาม'),
(4619, 'กุดหว้า'),
(4620, 'สามขา'),
(4622, 'หนองห้าง'),
(4623, 'นาโก'),
(4624, 'สมสะอาด'),
(4625, 'กุดค้าว'),
(4626, 'คุ้มเก่า'),
(4627, 'สงเปลือย'),
(4628, 'หนองผือ'),
(4631, 'กุดสิมคุ้มใหม่'),
(4633, 'สระพังทอง'),
(4636, 'กุดปลาค้าว'),
(4637, 'ยางตลาด'),
(4638, 'หัวงัว'),
(4639, 'อุ่มเม่า'),
(4640, 'บัวบาน'),
(4641, 'เว่อ'),
(4642, 'อิตื้อ'),
(4643, 'หัวนาคำ'),
(4644, 'หนองอิเฒ่า'),
(4645, 'ดอนสมบูรณ์'),
(4646, 'นาเชือก'),
(4647, 'คลองขาม'),
(4648, 'เขาพระนอน'),
(4650, 'โนนสูง'),
(4651, 'หนองตอกแป้น'),
(4652, 'ห้วยเม็ก'),
(4653, 'คำใหญ่'),
(4654, 'กุดโดน'),
(4655, 'บึงนาเรียง'),
(4657, 'พิมูล'),
(4658, 'คำเหมือดแก้ว'),
(4661, 'ภูสิงห์'),
(4665, 'นิคม'),
(4666, 'โนนแหลมทอง'),
(4667, 'โนนบุรี'),
(4668, 'โนนน้ำเกลี้ยง'),
(4673, 'ทุ่งคลอง'),
(4674, 'โพน'),
(4677, 'ดินจี่'),
(4679, 'นาทัน'),
(4681, 'เนินยาง'),
(4683, 'ท่าคันโท'),
(4684, 'กุงเก่า'),
(4685, 'ยางอู้ม'),
(4686, 'กุดจิก'),
(4688, 'ดงสมบูรณ์'),
(4690, 'สหัสขันธ์'),
(4691, 'หนองกุงศรี'),
(4693, 'โคกเครือ'),
(4695, 'เสาเล้า'),
(4696, 'หนองใหญ่'),
(4697, 'ดงมูล'),
(4698, 'ลำหนองแสน'),
(4699, 'หนองหิน'),
(4700, 'สมเด็จ'),
(4702, 'แซงบาดาล'),
(4703, 'มหาไชย'),
(4704, 'หมูม่น'),
(4705, 'ผาเสวย'),
(4706, 'ศรีสมเด็จ'),
(4707, 'ลำห้วยหลัว'),
(4708, 'คำบง'),
(4709, 'ไค้นุ่น'),
(4710, 'นิคมห้วยผึ้ง'),
(4711, 'หนองอีบุตร'),
(4712, 'สำราญ'),
(4713, 'สำราญใต้'),
(4714, 'คำสร้างเที่ยง'),
(4715, 'หนองช้าง'),
(4716, 'นาคู'),
(4717, 'สายนาวัง'),
(4718, 'โนนนาจาน'),
(4720, 'ภูแล่นช้าง'),
(4721, 'ดอนจาน'),
(4722, 'สะอาดไชยศรี'),
(4723, 'ดงพยุง'),
(4724, 'ม่วงนา'),
(4725, 'นาจำปา'),
(4726, 'ฆ้องชัยพัฒนา'),
(4727, 'เหล่ากลาง'),
(4729, 'โนนศิลาเลิง'),
(4730, 'ลำชี'),
(4731, 'ธาตุเชิงชุม'),
(4732, 'ขมิ้น'),
(4733, 'งิ้วด่อน'),
(4734, 'โนนหอม'),
(4736, 'เชียงเครือ'),
(4737, 'ท่าแร่'),
(4739, 'ม่วงลาย'),
(4740, 'กกปลาซิว*'),
(4741, 'ดงชน'),
(4743, 'พังขว้าง'),
(4745, 'ดงมะไฟ'),
(4746, 'ธาตุนาเวง'),
(4747, 'เหล่าปอแดง'),
(4750, 'ฮางโฮง'),
(4751, 'โคกก่อง'),
(4758, 'กุสุมาลย์'),
(4760, 'นาเพียง'),
(4761, 'โพธิไพศาล'),
(4762, 'อุ่มจาน'),
(4763, 'กุดบาก'),
(4765, 'นาม่อง'),
(4767, 'กุดไห'),
(4769, 'พรรณา'),
(4771, 'พอกน้อย'),
(4773, 'ไร่'),
(4774, 'ช้างมิ่ง'),
(4776, 'สว่าง'),
(4777, 'บะฮี'),
(4778, 'เชิงชุม'),
(4779, 'พังโคน'),
(4780, 'ม่วงไข่'),
(4781, 'แร่'),
(4782, 'ไฮหย่อง'),
(4783, 'ต้นผึ้ง'),
(4786, 'วาริชภูมิ'),
(4787, 'ปลาโหล'),
(4788, 'หนองลาด'),
(4789, 'คำบ่อ'),
(4790, 'ค้อเขียว'),
(4791, 'นิคมน้ำอูน'),
(4794, 'สุวรรณคาม'),
(4795, 'วานรนิวาส'),
(4796, 'เดื่อศรีคันไชย'),
(4797, 'ขัวก่าย'),
(4798, 'หนองสนม'),
(4799, 'คูสะคาม'),
(4800, 'ธาตุ'),
(4803, 'นาซอ');
INSERT INTO `subdisttb` (`SUBDIST_ID`, `SUBDIST_NAME`) VALUES
(4804, 'อินทร์แปลง'),
(4806, 'คอนสวรรค์'),
(4807, 'กุดเรือคำ'),
(4808, 'หนองแวงใต้'),
(4809, 'คำตากล้า'),
(4810, 'หนองบัวสิม'),
(4811, 'นาแต้'),
(4812, 'แพด'),
(4813, 'ม่วง'),
(4814, 'มาย'),
(4815, 'ดงหม้อทอง'),
(4816, 'ดงเหนือ'),
(4817, 'ดงหม้อทองใต้'),
(4818, 'ห้วยหลัว'),
(4819, 'โนนสะอาด'),
(4820, 'หนองกวั่ง'),
(4822, 'อากาศ'),
(4824, 'วาใหญ่'),
(4826, 'ท่าก้อน'),
(4827, 'นาฮี'),
(4828, 'บะหว้า'),
(4829, 'สามัคคีพัฒนา'),
(4830, 'สว่างแดนดิน'),
(4832, 'คำสะอาด'),
(4833, 'บ้านต้าย'),
(4835, 'บงเหนือ'),
(4836, 'โพนสูง'),
(4840, 'บงใต้'),
(4841, 'ค้อใต้'),
(4842, 'พันนา'),
(4843, 'แวง'),
(4845, 'ตาลโกน'),
(4846, 'ตาลเนิ้ง'),
(4849, 'ธาตุทอง'),
(4850, 'บ้านถ่อน'),
(4851, 'ส่องดาว'),
(4852, 'ท่าศิลา'),
(4853, 'วัฒนา'),
(4854, 'ปทุมวาปี'),
(4855, 'เต่างอย'),
(4856, 'บึงทวาย'),
(4857, 'นาตาล'),
(4858, 'จันทร์เพ็ญ'),
(4859, 'ตองโขบ'),
(4860, 'เหล่าโพนค้อ'),
(4861, 'ด่านม่วงคำ'),
(4862, 'แมดนาท่ม'),
(4864, 'เจริญศิลป์'),
(4865, 'ทุ่งแก'),
(4866, 'โคกศิลา'),
(4867, 'หนองแปน'),
(4868, 'บ้านโพน'),
(4870, 'นาตงวัฒนา'),
(4872, 'เชียงสือ'),
(4873, 'สร้างค้อ'),
(4874, 'หลุบเลา'),
(4875, 'โคกภู'),
(4876, 'กกปลาซิว'),
(4878, 'หนองแสง'),
(4880, 'นาราชควาย'),
(4881, 'กุรุคุ'),
(4883, 'อาจสามารถ'),
(4884, 'ขามเฒ่า'),
(4886, 'ท่าค้อ'),
(4888, 'หนองญาติ'),
(4890, 'วังตามัว'),
(4891, 'โพธิ์ตาก'),
(4892, 'ปลาปาก'),
(4893, 'หนองฮี'),
(4894, 'กุตาไก้'),
(4895, 'โคกสว่าง'),
(4896, 'โคกสูง'),
(4898, 'นามะเขือ'),
(4899, 'หนองเทาใหญ่'),
(4900, 'ท่าอุเทน'),
(4901, 'โนนตาล'),
(4902, 'ท่าจำปา'),
(4903, 'ไชยบุรี'),
(4904, 'พนอม'),
(4905, 'พะทาย'),
(4910, 'เวินพระบาท'),
(4911, 'รามราช'),
(4913, 'หนองเทา'),
(4914, 'บ้านแพง'),
(4922, 'นาเข'),
(4923, 'ธาตุพนม'),
(4924, 'ฝั่งแดง'),
(4925, 'โพนแพง'),
(4926, 'พระกลางทุ่ง'),
(4927, 'นาถ่อน'),
(4928, 'แสนพัน'),
(4929, 'ดอนนางหงส์'),
(4930, 'น้ำก่ำ'),
(4931, 'อุ่มเหม้า'),
(4932, 'นาหนาด'),
(4933, 'กุดฉิม'),
(4934, 'ธาตุพนมเหนือ'),
(4935, 'เรณู'),
(4936, 'โพนทอง'),
(4937, 'ท่าลาด'),
(4938, 'นางาม'),
(4939, 'โคกหินแฮ่'),
(4940, 'เรณูนคร'),
(4941, 'หนองย่างชิ้น'),
(4942, 'เรณูใต้'),
(4943, 'นาขาม'),
(4945, 'พระซอง'),
(4946, 'หนองสังข์'),
(4947, 'นาคู่'),
(4949, 'พุ่มแก'),
(4950, 'ก้านเหลือง'),
(4952, 'นาเลียง'),
(4953, 'โคกสี*'),
(4954, 'วังยาง*'),
(4956, 'คำพี้'),
(4957, 'ยอดชาด*'),
(4958, 'สีชมพู'),
(4959, 'หนองโพธิ์*'),
(4960, 'ศรีสงคราม'),
(4961, 'นาเดื่อ'),
(4962, 'บ้านเอื้อง'),
(4963, 'สามผง'),
(4964, 'ท่าบ่อสงคราม'),
(4965, 'บ้านข่า'),
(4966, 'นาคำ'),
(4967, 'โพนสว่าง'),
(4968, 'หาดแพง'),
(4970, 'นางัว'),
(4971, 'บ้านเสียว'),
(4972, 'นาคูณใหญ่'),
(4973, 'เหล่าพัฒนา'),
(4975, 'โพนสวรรค์'),
(4976, 'นาหัวบ่อ'),
(4977, 'นาขมิ้น'),
(4978, 'โพนบก'),
(4980, 'โพนจาน'),
(4981, 'นาใน'),
(4982, 'นาทม'),
(4983, 'หนองซน'),
(4984, 'ดอนเตย'),
(4986, 'โคกสี'),
(4987, 'ยอดชาด'),
(4989, 'มุกดาหาร'),
(4990, 'ศรีบุญเรือง'),
(4992, 'บางทรายใหญ่'),
(4993, 'โพนทราย'),
(4994, 'ผึ่งแดด'),
(4995, 'นาโสก'),
(4996, 'นาสีนวน'),
(4997, 'คำป่าหลาย'),
(4998, 'คำอาฮวน'),
(4999, 'ดงเย็น'),
(5000, 'ดงมอน'),
(5001, 'กุดแข้'),
(5004, 'นากกอก'),
(5008, 'นิคมคำสร้อย'),
(5009, 'นากอก'),
(5010, 'หนองแวง'),
(5011, 'กกแดง'),
(5012, 'นาอุดม'),
(5014, 'ร่มเกล้า'),
(5016, 'โพธิ์ไทร'),
(5018, 'เหล่าหมี'),
(5019, 'บ้านบาก'),
(5020, 'นาสะเม็ง'),
(5021, 'บ้านแก้ง'),
(5022, 'ดงหลวง'),
(5024, 'กกตูม'),
(5025, 'หนองแคน'),
(5026, 'ชะโนดน้อย'),
(5027, 'พังแดง'),
(5030, 'บ้านซ่ง'),
(5031, 'คำชะอี'),
(5032, 'หนองเอี่ยน'),
(5033, 'บ้านค้อ'),
(5035, 'โพนงาม'),
(5038, 'เหล่าสร้างถ่อ'),
(5039, 'คำบก'),
(5041, 'น้ำเที่ยง'),
(5045, 'หว้านใหญ่'),
(5046, 'ป่งขาม'),
(5047, 'บางทรายน้อย'),
(5048, 'ชะโนด'),
(5049, 'ดงหมู'),
(5050, 'หนองสูง'),
(5051, 'โนนยาง'),
(5052, 'ภูวง'),
(5054, 'หนองสูงใต้'),
(5055, 'หนองสูงเหนือ'),
(5057, 'พระสิงห์'),
(5058, 'หายยา'),
(5059, 'ช้างม่อย'),
(5060, 'ช้างคลาน'),
(5061, 'วัดเกต'),
(5063, 'สุเทพ'),
(5064, 'แม่เหียะ'),
(5066, 'หนองหอย'),
(5068, 'หนองป่าครั่ง'),
(5069, 'ฟ้าฮ่าม'),
(5071, 'สันผีเสื้อ'),
(5075, 'ข่วงเปา'),
(5076, 'สบเตี๊ยะ'),
(5077, 'บ้านแปะ'),
(5078, 'ดอยแก้ว'),
(5080, 'แม่สอย'),
(5082, 'ช่างเคิ่ง'),
(5084, 'บ้านทับ'),
(5085, 'แม่ศึก'),
(5086, 'แม่นาจร'),
(5087, 'บ้านจันทร์'),
(5088, 'ปางหินฝน'),
(5089, 'กองแขก'),
(5090, 'แม่แดด'),
(5091, 'แจ่มหลวง'),
(5092, 'เชียงดาว'),
(5093, 'เมืองนะ'),
(5094, 'เมืองงาย'),
(5095, 'แม่นะ'),
(5096, 'เมืองคอง'),
(5097, 'ปิงโค้ง'),
(5098, 'ทุ่งข้าวพวง'),
(5099, 'เชิงดอย'),
(5100, 'สันปูเลย'),
(5101, 'ลวงเหนือ'),
(5102, 'ป่าป้อง'),
(5103, 'สง่าบ้าน'),
(5104, 'ป่าลาน'),
(5105, 'ตลาดขวัญ'),
(5106, 'สำราญราษฎร์'),
(5107, 'แม่คือ'),
(5109, 'แม่ฮ้อยเงิน'),
(5110, 'แม่โป่ง'),
(5111, 'ป่าเมี่ยง'),
(5112, 'เทพเสด็จ'),
(5113, 'สันมหาพน'),
(5114, 'แม่แตง'),
(5116, 'ช่อแล'),
(5117, 'แม่หอพระ'),
(5118, 'สบเปิง'),
(5120, 'สันป่ายาง'),
(5122, 'เมืองก๋าย'),
(5124, 'กื้ดช้าง'),
(5125, 'อินทขิล'),
(5126, 'สมก๋าย'),
(5127, 'ริมใต้'),
(5128, 'ริมเหนือ'),
(5129, 'สันโป่ง'),
(5130, 'ขี้เหล็ก'),
(5131, 'สะลวง'),
(5133, 'แม่แรม'),
(5134, 'โป่งแยง'),
(5137, 'เหมืองแก้ว'),
(5138, 'สะเมิงใต้'),
(5139, 'สะเมิงเหนือ'),
(5140, 'แม่สาบ'),
(5142, 'ยั้งเมิน'),
(5145, 'ม่อนปิ่น'),
(5146, 'แม่งอน'),
(5147, 'แม่สูน'),
(5152, 'แม่คะ'),
(5153, 'แม่ข่า'),
(5155, 'แม่นาวาง*'),
(5156, 'แม่สาว*'),
(5157, 'แม่อาย*'),
(5160, 'แม่อาย'),
(5161, 'แม่สาว'),
(5162, 'สันต้นหมื้อ'),
(5163, 'แม่นาวาง'),
(5164, 'ท่าตอน'),
(5166, 'มะลิกา'),
(5169, 'ป่าตุ้ม'),
(5170, 'ป่าไหน่'),
(5174, 'เขื่อนผาก'),
(5175, 'แม่แวน'),
(5176, 'แม่ปั๋ง'),
(5177, 'โหล่งขอด'),
(5178, 'ยุหว่า'),
(5180, 'ท่าวังพร้าว'),
(5181, 'มะขามหลวง'),
(5182, 'แม่ก๊า'),
(5183, 'บ้านแม'),
(5185, 'ทุ่งสะโตก'),
(5187, 'ทุ่งต้อม'),
(5191, 'น้ำบ่อหลวง'),
(5192, 'มะขุนหวาน'),
(5193, 'สันกำแพง'),
(5194, 'ทรายมูล'),
(5195, 'ร้องวัวแดง'),
(5196, 'บวกค้าง'),
(5197, 'แช่ช้าง'),
(5198, 'ออนใต้'),
(5202, 'แม่ปูคา'),
(5204, 'ต้นเปา'),
(5212, 'สันทรายหลวง'),
(5213, 'สันทรายน้อย'),
(5214, 'สันพระเนตร'),
(5215, 'สันนาเม็ง'),
(5216, 'สันป่าเปา'),
(5217, 'หนองแหย่ง'),
(5218, 'หนองจ๊อม'),
(5219, 'หนองหาร'),
(5220, 'แม่แฝก'),
(5221, 'แม่แฝกใหม่'),
(5222, 'เมืองเล็น'),
(5225, 'หนองแก๋ว'),
(5226, 'หารแก้ว'),
(5227, 'หนองตอง'),
(5228, 'ขุนคง'),
(5229, 'สบแม่ข่า'),
(5230, 'บ้านแหวน'),
(5231, 'สันผักหวาน'),
(5232, 'หนองควาย'),
(5234, 'น้ำแพร่'),
(5235, 'หางดง'),
(5236, 'ฮอด'),
(5237, 'บ้านตาล'),
(5238, 'บ่อหลวง'),
(5239, 'บ่อสลี'),
(5240, 'นาคอเรือ'),
(5241, 'ดอยเต่า'),
(5242, 'ท่าเดื่อ'),
(5243, 'มืดกา'),
(5244, 'บ้านแอ่น'),
(5245, 'บงตัน'),
(5246, 'โปงทุ่ง'),
(5247, 'อมก๋อย'),
(5248, 'ยางเปียง'),
(5250, 'ม่อนจอง'),
(5251, 'สบโขง'),
(5252, 'นาเกียน'),
(5253, 'ยางเนิ้ง'),
(5254, 'สารภี'),
(5255, 'ชมภู'),
(5257, 'ขัวมุง'),
(5258, 'หนองแฝก'),
(5259, 'หนองผึ้ง'),
(5260, 'ท่ากว้าง'),
(5261, 'ดอนแก้ว'),
(5262, 'ท่าวังตาล'),
(5264, 'ป่าบง'),
(5265, 'เมืองแหง'),
(5266, 'เปียงหลวง'),
(5267, 'แสนไห'),
(5268, 'ปงตำ'),
(5269, 'ศรีดงเย็น'),
(5270, 'แม่ทะลบ'),
(5272, 'บ้านกาด'),
(5273, 'ทุ่งปี้'),
(5275, 'แม่วิน'),
(5276, 'ดอนเปา'),
(5277, 'ออนเหนือ'),
(5278, 'ออนกลาง'),
(5279, 'บ้านสหกรณ์'),
(5281, 'แม่ทา'),
(5282, 'ทาเหนือ'),
(5283, 'ดอยหล่อ'),
(5284, 'สองแคว'),
(5285, 'ยางคราม'),
(5288, 'เหมืองง่า'),
(5289, 'อุโมงค์'),
(5290, 'หนองช้างคืน'),
(5291, 'ประตูป่า'),
(5292, 'ริมปิง'),
(5293, 'ต้นธง'),
(5294, 'บ้านแป้น'),
(5295, 'เหมืองจี้'),
(5297, 'เวียงยอง'),
(5299, 'มะเขือแจ้'),
(5302, 'ศรีบัวบาน'),
(5303, 'หนองหนาม'),
(5306, 'ทาปลาดุก'),
(5307, 'ทาสบเส้า'),
(5308, 'ทากาศ'),
(5309, 'ทาขุมเงิน'),
(5310, 'ทาทุ่งหลวง'),
(5311, 'ทาแม่ลอบ'),
(5312, 'บ้านโฮ่ง'),
(5313, 'ป่าพลู'),
(5314, 'เหล่ายาว'),
(5315, 'ศรีเตี้ย'),
(5316, 'หนองปลาสะวาย'),
(5317, 'ลี้'),
(5318, 'แม่ตืน'),
(5320, 'ดงดำ'),
(5321, 'ก้อ'),
(5323, 'บ้านไผ่*'),
(5324, 'ป่าไผ่'),
(5328, 'ทุ่งหัวช้าง'),
(5329, 'บ้านปวง'),
(5330, 'ตะเคียนปม'),
(5331, 'ปากบ่อง'),
(5333, 'แม่แรง'),
(5334, 'ม่วงน้อย'),
(5335, 'บ้านเรือน'),
(5336, 'มะกอก'),
(5337, 'ท่าตุ้ม'),
(5338, 'น้ำดิบ'),
(5341, 'นครเจดีย์'),
(5343, 'บ้านธิ'),
(5344, 'ห้วยยาบ'),
(5345, 'หนองล่อง'),
(5346, 'หนองยวง'),
(5347, 'วังผาง'),
(5349, 'หัวเวียง'),
(5350, 'สวนดอก'),
(5351, 'สบตุ๋ย'),
(5352, 'พระบาท'),
(5354, 'กล้วยแพะ'),
(5355, 'ปงแสนทอง'),
(5356, 'บ้านแลง'),
(5358, 'พิชัย'),
(5359, 'ทุ่งฝาย'),
(5360, 'บ้านเอื้อม'),
(5361, 'บ้านเป้า'),
(5362, 'บ้านค่า'),
(5363, 'บ่อแฮ้ว'),
(5364, 'ต้นธงชัย'),
(5366, 'บุญนาคพัฒนา'),
(5371, 'จางเหนือ'),
(5372, 'แม่เมาะ'),
(5373, 'สบป้าด'),
(5374, 'ลำปางหลวง'),
(5375, 'นาแก้ว'),
(5376, 'ไหล่หิน'),
(5377, 'วังพร้าว'),
(5378, 'ศาลา'),
(5379, 'เกาะคา'),
(5380, 'นาแส่ง'),
(5382, 'ใหม่พัฒนา'),
(5383, 'ทุ่งงาม'),
(5384, 'เสริมขวา'),
(5385, 'เสริมซ้าย'),
(5386, 'เสริมกลาง'),
(5387, 'หลวงเหนือ'),
(5388, 'หลวงใต้'),
(5390, 'บ้านร้อง'),
(5391, 'ปงเตา'),
(5392, 'นาแก'),
(5393, 'บ้านอ้อน'),
(5394, 'บ้านแหง'),
(5395, 'บ้านหวด'),
(5396, 'แม่ตีบ'),
(5397, 'แจ้ห่ม'),
(5398, 'บ้านสา'),
(5399, 'ปงดอน'),
(5401, 'เมืองมาย'),
(5402, 'ทุ่งผึ้ง'),
(5403, 'วิเชตนคร'),
(5408, 'ทุ่งฮั้ว'),
(5409, 'วังเหนือ'),
(5410, 'วังใต้'),
(5411, 'ร่องเคาะ'),
(5413, 'วังซ้าย'),
(5414, 'วังแก้ว'),
(5415, 'วังทรายคำ'),
(5416, 'ล้อมแรด'),
(5417, 'แม่วะ'),
(5419, 'แม่มอก'),
(5420, 'เวียงมอก'),
(5421, 'นาโป่ง'),
(5422, 'แม่ถอด'),
(5423, 'เถินบุรี'),
(5425, 'ผาปัง'),
(5426, 'แม่ปุ'),
(5427, 'พระบาทวังตวง'),
(5428, 'แม่ทะ'),
(5429, 'นาครัว'),
(5430, 'ป่าตัน'),
(5431, 'บ้านกิ่ว'),
(5432, 'บ้านบอม'),
(5433, 'น้ำโจ้'),
(5434, 'ดอนไฟ'),
(5435, 'หัวเสือ'),
(5436, 'สบป้าด*'),
(5437, 'วังเงิน'),
(5438, 'สันดอนแก้ว'),
(5439, 'สบปราบ'),
(5440, 'สมัย'),
(5441, 'แม่กัวะ'),
(5443, 'ห้างฉัตร'),
(5445, 'เมืองยาว'),
(5446, 'ปงยางคก'),
(5447, 'เวียงตาล'),
(5448, 'แม่สัน'),
(5449, 'วอแก้ว'),
(5450, 'เมืองปาน'),
(5451, 'บ้านขอ'),
(5452, 'ทุ่งกว๋าว'),
(5453, 'แจ้ซ้อน'),
(5455, 'ท่าอิฐ'),
(5458, 'ป่าเซ่า'),
(5459, 'คุ้งตะเภา'),
(5460, 'วังกะพี้'),
(5461, 'หาดกรวด'),
(5462, 'น้ำริด'),
(5464, 'บ้านด่านนาขาม'),
(5466, 'ผาจุก'),
(5467, 'วังดิน'),
(5469, 'หาดงิ้ว'),
(5470, 'ขุนฝาง'),
(5471, 'ถ้ำฉลอง'),
(5472, 'ร่วมจิตร'),
(5473, 'วังแดง'),
(5475, 'หาดสองแคว'),
(5476, 'น้ำอ่าง'),
(5477, 'ข่อยสูง'),
(5482, 'ท่าปลา'),
(5483, 'หาดล้า'),
(5484, 'ผาเลือด'),
(5485, 'จริม'),
(5486, 'น้ำหมัน'),
(5487, 'ท่าแฝก'),
(5488, 'นางพญา'),
(5489, 'ร่วมจิต'),
(5491, 'บ้านฝาย'),
(5492, 'เด่นเหล็ก'),
(5493, 'น้ำไคร้'),
(5494, 'น้ำไผ่'),
(5495, 'ห้วยมุ่น'),
(5496, 'ฟากท่า'),
(5497, 'สองคอน'),
(5498, 'บ้านเสี้ยว'),
(5499, 'สองห้อง'),
(5500, 'ม่วงเจ็ดต้น'),
(5502, 'นาขุม'),
(5503, 'บ่อเบี้ย'),
(5505, 'บ้านดารา'),
(5506, 'ไร่อ้อย'),
(5507, 'ท่าสัก'),
(5508, 'คอรุม'),
(5510, 'ท่ามะเฟือง'),
(5511, 'บ้านโคน'),
(5512, 'พญาแมน'),
(5513, 'นาอิน'),
(5516, 'แม่พูล'),
(5517, 'นานกกก'),
(5518, 'ฝายหลวง'),
(5519, 'ชัยจุมพล'),
(5521, 'ทุ่งยั้ง'),
(5522, 'ด่านแม่คำมัน'),
(5523, 'ศรีพนมมาศ'),
(5524, 'ผักขวง'),
(5526, 'ป่าคาย'),
(5527, 'น้ำพี้'),
(5529, 'นาจักร'),
(5532, 'ทุ่งโฮ้ง'),
(5533, 'เหมืองหม้อ'),
(5534, 'วังธง'),
(5535, 'แม่หล่าย'),
(5536, 'ห้วยม้า'),
(5537, 'ป่าแมต'),
(5538, 'บ้านถิ่น'),
(5539, 'สวนเขื่อน'),
(5540, 'วังหงส์'),
(5542, 'ทุ่งกวาว'),
(5544, 'แม่ยม'),
(5545, 'ช่อแฮ'),
(5546, 'ร่องฟอง'),
(5547, 'กาญจนา'),
(5548, 'ร้องกวาง'),
(5551, 'ร้องเข็ม'),
(5552, 'น้ำเลา'),
(5553, 'บ้านเวียง'),
(5554, 'ทุ่งศรี'),
(5555, 'แม่ยางตาล'),
(5556, 'แม่ยางฮ่อ'),
(5557, 'ไผ่โทน'),
(5561, 'แม่ทราย'),
(5562, 'แม่ยางร้อง'),
(5565, 'ห้วยอ้อ'),
(5567, 'ต้าผามอก'),
(5568, 'เวียงต้า'),
(5569, 'ปากกาง'),
(5570, 'หัวทุ่ง'),
(5571, 'ทุ่งแล้ง'),
(5572, 'บ่อเหล็กลอง'),
(5573, 'แม่ปาน'),
(5574, 'สูงเม่น'),
(5575, 'น้ำชำ'),
(5576, 'หัวฝาย'),
(5577, 'ดอนมูล'),
(5579, 'บ้านกวาง'),
(5580, 'บ้านปง'),
(5582, 'ร่องกาศ'),
(5583, 'สบสาย'),
(5584, 'เวียงทอง'),
(5585, 'พระหลวง'),
(5586, 'เด่นชัย'),
(5587, 'แม่จั๊วะ'),
(5590, 'ปงป่าหวาย'),
(5591, 'บ้านหนุน'),
(5593, 'ห้วยหม้าย'),
(5595, 'หัวเมือง'),
(5596, 'สะเอียบ'),
(5597, 'แดนชุมพล'),
(5598, 'ทุ่งน้าว'),
(5599, 'วังชิ้น'),
(5600, 'สรอย'),
(5601, 'แม่ป้าก'),
(5602, 'นาพูน'),
(5603, 'แม่พุง'),
(5605, 'แม่เกิ๋ง'),
(5606, 'แม่คำมี'),
(5607, 'หนองม่วงไข่'),
(5608, 'น้ำรัด'),
(5609, 'วังหลวง'),
(5610, 'ตำหนักธรรม'),
(5611, 'ทุ่งแค้ว'),
(5612, 'ในเวียง'),
(5613, 'บ่อ'),
(5614, 'ผาสิงห์'),
(5615, 'ไชยสถาน'),
(5616, 'ถืมตอง'),
(5617, 'เรือง'),
(5618, 'นาซาว'),
(5619, 'ดู่ใต้'),
(5620, 'กองควาย'),
(5621, 'ฝายแก้ว*'),
(5622, 'ม่วงตึ๊ด*'),
(5623, 'ท่าน้าว*'),
(5624, 'นาปัง*'),
(5625, 'เมืองจัง*'),
(5626, 'น้ำแก่น*'),
(5627, 'สวก'),
(5628, 'สะเนียน'),
(5629, 'น้ำเกี๋ยน*'),
(5635, 'หนองแดง'),
(5636, 'หมอเมือง'),
(5637, 'น้ำพาง'),
(5638, 'น้ำปาย'),
(5639, 'แม่จริม'),
(5640, 'บ้านฟ้า'),
(5641, 'ป่าคาหลวง'),
(5642, 'สวด'),
(5643, 'บ้านพี้'),
(5644, 'นาน้อย'),
(5645, 'เชียงของ'),
(5646, 'ศรีษะเกษ'),
(5648, 'สันทะ'),
(5649, 'บัวใหญ่'),
(5651, 'ปัว'),
(5652, 'แงง'),
(5654, 'ศิลาแลง'),
(5655, 'ศิลาเพชร'),
(5656, 'อวน'),
(5659, 'ไชยวัฒนา'),
(5660, 'เจดีย์ชัย'),
(5661, 'ภูคา'),
(5662, 'สกาด'),
(5663, 'ป่ากลาง'),
(5664, 'วรนคร'),
(5665, 'ริม'),
(5666, 'ป่าคา'),
(5667, 'ผาตอ'),
(5668, 'ยม'),
(5670, 'ศรีภูมิ'),
(5671, 'จอมพระ'),
(5672, 'แสนทอง'),
(5673, 'ท่าวังผา'),
(5674, 'ผาทอง'),
(5675, 'กลางเวียง'),
(5676, 'ขึ่ง'),
(5677, 'ไหล่น่าน'),
(5678, 'ตาลชุม'),
(5679, 'นาเหลือง'),
(5680, 'ส้าน'),
(5681, 'น้ำมวบ'),
(5682, 'น้ำปั้ว'),
(5683, 'ยาบหัวนา'),
(5684, 'ปงสนุก'),
(5685, 'อ่ายนาไลย'),
(5686, 'ส้านนาหนองใหม่'),
(5687, 'แม่ขะนิง'),
(5688, 'แม่สาคร'),
(5689, 'จอมจันทร์'),
(5690, 'แม่สา'),
(5691, 'ทุ่งศรีทอง'),
(5692, 'ปอน'),
(5693, 'งอบ'),
(5694, 'และ'),
(5695, 'ทุ่งช้าง'),
(5696, 'ห้วยโก๋น*'),
(5699, 'เชียงกลาง'),
(5700, 'เปือ'),
(5701, 'เชียงคาน'),
(5706, 'พญาแก้ว'),
(5707, 'พระพุทธบาท'),
(5710, 'นาทะนุง'),
(5711, 'บ่อแก้ว'),
(5712, 'เมืองลี'),
(5713, 'ปิงหลวง'),
(5714, 'ดู่พงษ์'),
(5715, 'ป่าแลวหลวง'),
(5716, 'พงษ์'),
(5717, 'บ่อเกลือเหนือ'),
(5718, 'บ่อเกลือใต้'),
(5720, 'ภูฟ้า'),
(5721, 'ดงพญา'),
(5722, 'นาไร่หลวง'),
(5724, 'ยอด'),
(5725, 'ม่วงตึ๊ด'),
(5726, 'นาปัง'),
(5727, 'น้ำแก่น'),
(5728, 'น้ำเกี๋ยน'),
(5729, 'เมืองจัง'),
(5730, 'ท่าน้าว'),
(5731, 'ฝายแก้ว'),
(5732, 'ห้วยโก๋น'),
(5733, 'ขุนน่าน'),
(5736, 'ดงเจน*'),
(5737, 'แม่นาเรือ'),
(5738, 'บ้านตุ่น'),
(5739, 'บ้านต๊ำ'),
(5740, 'บ้านต๋อม'),
(5741, 'แม่ปืม'),
(5743, 'แม่กา'),
(5745, 'จำป่าหวาย'),
(5746, 'ท่าวังทอง'),
(5747, 'แม่ใส'),
(5748, 'บ้านสาง'),
(5749, 'ท่าจำปี'),
(5750, 'แม่อิง*'),
(5751, 'สันป่าม่วง'),
(5752, 'ห้วยข้าวก่ำ'),
(5753, 'จุน'),
(5754, 'ลอ'),
(5755, 'หงส์หิน'),
(5756, 'ทุ่งรวงทอง'),
(5757, 'ห้วยยางขาม'),
(5758, 'พระธาตุขิงแกง'),
(5759, 'หย่วน'),
(5760, 'ทุ่งกล้วย*'),
(5761, 'สบบง*'),
(5762, 'เชียงแรง*'),
(5763, 'ภูซาง*'),
(5764, 'น้ำแวน'),
(5766, 'ฝายกวาง'),
(5767, 'เจดีย์คำ'),
(5768, 'ร่มเย็น'),
(5769, 'เชียงบาน'),
(5770, 'แม่ลาว'),
(5772, 'ทุ่งผาสุข'),
(5773, 'ป่าสัก*'),
(5774, 'เชียงม่วน'),
(5775, 'บ้านมาง'),
(5776, 'สระ'),
(5777, 'ดอกคำใต้'),
(5778, 'ดอนศรีชุม'),
(5779, 'บ้านถ้ำ'),
(5780, 'บ้านปิน'),
(5781, 'ห้วยลาน'),
(5782, 'สันโค้ง'),
(5784, 'หนองหล่ม'),
(5785, 'ดงสุวรรณ'),
(5786, 'บุญเกิด'),
(5788, 'คือเวียง'),
(5789, 'ปง'),
(5790, 'ควร'),
(5791, 'ออย'),
(5792, 'งิม'),
(5793, 'ผาช้างน้อย'),
(5794, 'นาปรัง'),
(5795, 'ขุนควร'),
(5796, 'แม่ใจ'),
(5798, 'แม่สุก'),
(5800, 'บ้านเหล่า'),
(5801, 'เจริญราษฎร์'),
(5802, 'ภูซาง'),
(5804, 'ทุ่งกล้วย'),
(5805, 'เชียงแรง'),
(5806, 'สบบง'),
(5808, 'ดงเจน'),
(5809, 'แม่อิง'),
(5811, 'รอบเวียง'),
(5812, 'บ้านดู่'),
(5813, 'นางแล'),
(5814, 'แม่ข้าวต้ม'),
(5815, 'แม่ยาว'),
(5820, 'แม่กรณ์'),
(5821, 'ห้วยชมภู'),
(5822, 'ห้วยสัก'),
(5823, 'ริมกก'),
(5824, 'ดอยลาน'),
(5825, 'ป่าอ้อดอนชัย'),
(5827, 'ท่าสาย'),
(5829, 'ดอยฮาง'),
(5830, 'ท่าสุด'),
(5840, 'เวียงชัย'),
(5841, 'ผางาม'),
(5844, 'ดอนศิลา'),
(5846, 'เมืองชุม'),
(5848, 'สถาน'),
(5849, 'ครึ่ง'),
(5850, 'บุญเรือง'),
(5851, 'ห้วยซ้อ'),
(5854, 'ศรีดอนชัย'),
(5856, 'ริมโขง'),
(5860, 'งิ้ว'),
(5861, 'ปล้อง'),
(5863, 'เชียงเคี่ยน'),
(5867, 'ตับเต่า'),
(5869, 'สันทรายงาม'),
(5870, 'ศรีดอนไชย'),
(5871, 'หนองแรด'),
(5872, 'แม่ลอย'),
(5874, 'ยางฮอม*'),
(5877, 'สันมะเค็ด'),
(5878, 'แม่อ้อ'),
(5879, 'ธารทอง'),
(5880, 'สันติสุข'),
(5881, 'ดอยงาม'),
(5882, 'หัวง้ม'),
(5883, 'เจริญเมือง'),
(5884, 'ป่าหุ่ง'),
(5885, 'ม่วงคำ'),
(5887, 'สันกลาง'),
(5888, 'แม่เย็น'),
(5889, 'เมืองพาน'),
(5890, 'ทานตะวัน'),
(5891, 'เวียงห้าว'),
(5896, 'ป่าแงะ'),
(5897, 'สันมะค่า'),
(5899, 'ศรีโพธิ์เงิน'),
(5901, 'จันจว้า'),
(5902, 'แม่คำ'),
(5904, 'สันทราย'),
(5905, 'ท่าข้าวเปลือก'),
(5906, 'ปงน้อย*'),
(5907, 'ป่าตึง'),
(5908, 'หนองป่าก่อ*'),
(5909, 'แม่ไร่'),
(5910, 'ศรีค้ำ'),
(5911, 'จันจว้าใต้'),
(5912, 'จอมสวรรค์'),
(5916, 'โชคชัย*'),
(5918, 'ป่าสัก'),
(5919, 'บ้านแซว'),
(5920, 'ศรีดอนมูล'),
(5921, 'แม่เงิน'),
(5922, 'โยนก'),
(5923, 'แม่สาย'),
(5924, 'ห้วยไคร้'),
(5925, 'เกาะช้าง'),
(5926, 'โป่งผา'),
(5927, 'ศรีเมืองชุม'),
(5928, 'เวียงพางคำ'),
(5929, 'บ้านด้าย'),
(5930, 'โป่งงาม'),
(5931, 'แม่สรวย'),
(5932, 'ป่าแดด'),
(5933, 'แม่พริก'),
(5934, 'ศรีถ้อย'),
(5935, 'ท่าก๊อ'),
(5936, 'วาวี'),
(5937, 'เจดีย์หลวง'),
(5938, 'สันสลี'),
(5942, 'เวียงกาหลง'),
(5943, 'แม่เจดีย์'),
(5944, 'แม่เจดีย์ใหม่'),
(5945, 'เวียงกาหลง*'),
(5946, 'แม่เปา'),
(5947, 'แม่ต๋ำ'),
(5948, 'ไม้ยา'),
(5949, 'เม็งราย'),
(5950, 'ตาดควัน'),
(5951, 'ม่วงยาย'),
(5952, 'ปอ'),
(5953, 'หล่ายงาว'),
(5955, 'ต้า'),
(5956, 'ป่าตาล'),
(5957, 'ยางฮอม'),
(5958, 'เทอดไทย'),
(5959, 'แม่สลองใน'),
(5960, 'แม่สลองนอก'),
(5961, 'แม่ฟ้าหลวง'),
(5962, 'ดงมะดะ'),
(5963, 'จอมหมอกแก้ว'),
(5964, 'บัวสลี'),
(5965, 'ป่าก่อดำ'),
(5966, 'โป่งแพร่'),
(5967, 'ทุ่งก่อ'),
(5968, 'ดงมหาวัน'),
(5969, 'ป่าซาง'),
(5970, 'ปงน้อย'),
(5971, 'โชคชัย'),
(5972, 'หนองป่าก่อ'),
(5973, 'จองคำ'),
(5975, 'ผาบ่อง'),
(5976, 'ปางหมู'),
(5977, 'หมอกจำแป่'),
(5978, 'ห้วยผา'),
(5981, 'ห้วยปูลิง'),
(5982, 'ขุนยวม'),
(5983, 'แม่เงา'),
(5984, 'เมืองปอน'),
(5985, 'แม่ยวมน้อย'),
(5986, 'แม่กิ๊'),
(5987, 'แม่อูคอ'),
(5988, 'เวียงใต้'),
(5989, 'เวียงเหนือ'),
(5990, 'แม่นาเติง'),
(5991, 'แม่ฮี้'),
(5993, 'เมืองแปง'),
(5994, 'โป่งสา'),
(5995, 'บ้านกาศ'),
(5996, 'แม่สะเรียง'),
(5997, 'แม่คง'),
(5998, 'แม่เหาะ'),
(5999, 'แม่ยวม'),
(6000, 'เสาหิน'),
(6001, 'ป่าแป๋'),
(6002, 'กองกอย'),
(6005, 'แม่ลาน้อย'),
(6006, 'แม่ลาหลวง'),
(6007, 'ท่าผาปุ้ม'),
(6008, 'แม่โถ'),
(6009, 'ห้วยห้อม'),
(6010, 'แม่นาจาง'),
(6011, 'สันติคีรี'),
(6012, 'ขุนแม่ลาน้อย'),
(6013, 'สบเมย'),
(6014, 'แม่คะตวน'),
(6015, 'กองก๋อย'),
(6016, 'แม่สวด'),
(6017, 'ป่าโปง'),
(6018, 'แม่สามแลบ'),
(6019, 'สบป่อง'),
(6020, 'ปางมะผ้า'),
(6021, 'ถ้ำลอด'),
(6022, 'นาปู่ป้อม'),
(6023, 'ปากน้ำโพ'),
(6024, 'กลางแดด'),
(6025, 'เกรียงไกร'),
(6026, 'แควใหญ่'),
(6027, 'ตะเคียนเลื่อน'),
(6028, 'นครสวรรค์ตก'),
(6029, 'นครสวรรค์ออก'),
(6030, 'บางพระหลวง'),
(6032, 'บ้านมะเกลือ'),
(6034, 'พระนอน'),
(6035, 'วัดไทร'),
(6037, 'หนองกระโดน'),
(6039, 'บึงเสนาท'),
(6040, 'โกรกพระ'),
(6041, 'ยางตาล'),
(6042, 'บางมะฝ่อ'),
(6043, 'บางประมุง'),
(6044, 'นากลาง'),
(6045, 'ศาลาแดง'),
(6046, 'เนินกว้าว'),
(6047, 'เนินศาลา'),
(6048, 'หาดสูง'),
(6049, 'ชุมแสง'),
(6050, 'ทับกฤช'),
(6051, 'พิกุล'),
(6052, 'เกยไชย'),
(6054, 'บางเคียน'),
(6055, 'หนองกระเจา'),
(6056, 'พันลาน'),
(6058, 'ไผ่สิงห์'),
(6060, 'ทับกฤชใต้'),
(6061, 'หนองบัว'),
(6063, 'ธารทหาร'),
(6065, 'ห้วยถั่วใต้'),
(6066, 'ห้วยถั่วเหนือ'),
(6069, 'วังบ่อ'),
(6071, 'บางตาหงาย'),
(6072, 'หูกวาง'),
(6074, 'บ้านแดน'),
(6076, 'ตาขีด'),
(6077, 'ตาสัง'),
(6079, 'หนองกรด'),
(6080, 'หนองตางู'),
(6081, 'บึงปลาทู'),
(6082, 'เจริญผล'),
(6083, 'มหาโพธิ'),
(6084, 'เก้าเลี้ยว'),
(6088, 'ตาคลี'),
(6089, 'ช่องแค'),
(6090, 'จันเสน'),
(6091, 'ห้วยหอม'),
(6092, 'หัวหวาย'),
(6094, 'หนองหม้อ'),
(6095, 'สร้อยทอง'),
(6096, 'ลาดทิพรส'),
(6097, 'พรหมนิมิต'),
(6098, 'ท่าตะโก'),
(6099, 'พนมรอก'),
(6101, 'สายลำโพง'),
(6102, 'วังมหากร'),
(6106, 'พนมเศษ'),
(6108, 'โคกเดื่อ'),
(6109, 'สำโรงชัย'),
(6110, 'วังน้ำลัด'),
(6111, 'ตะคร้อ'),
(6112, 'โพธิ์ประสาท'),
(6113, 'วังข่อย'),
(6114, 'นาขอม'),
(6115, 'ไพศาลี'),
(6116, 'พยุหะ'),
(6118, 'นิคมเขาบ่อแก้ว'),
(6119, 'ม่วงหัก'),
(6120, 'ยางขาว'),
(6121, 'ย่านมัทรี'),
(6123, 'ท่าน้ำอ้อย'),
(6124, 'น้ำทรง'),
(6125, 'เขากะลา'),
(6126, 'สระทะเล'),
(6127, 'ลาดยาว'),
(6128, 'ห้วยน้ำหอม'),
(6129, 'วังม้า'),
(6130, 'วังเมือง'),
(6131, 'สร้อยละคร'),
(6132, 'มาบแก'),
(6133, 'หนองยาว'),
(6134, 'หนองนมวัว'),
(6136, 'เนินขี้เหล็ก'),
(6142, 'ศาลเจ้าไก่ต่อ'),
(6144, 'ตากฟ้า'),
(6145, 'ลำพยนต์'),
(6146, 'สุขสำราญ'),
(6147, 'หนองพิกุล'),
(6148, 'พุนกยูง'),
(6149, 'อุดมธัญญา'),
(6150, 'เขาชายธง'),
(6151, 'แม่วงก์'),
(6152, 'ห้วยน้ำหอม*'),
(6153, 'แม่เล่ย์'),
(6154, 'วังซ่าน'),
(6155, 'เขาชนกัน'),
(6156, 'ปางสวรรค์*'),
(6157, 'แม่เปิน*'),
(6158, 'ชุมตาบง*'),
(6159, 'แม่เปิน'),
(6160, 'ชุมตาบง'),
(6161, 'ปางสวรรค์'),
(6162, 'อุทัยใหม่'),
(6163, 'น้ำซึม'),
(6164, 'สะแกกรัง'),
(6165, 'ดอนขวาง'),
(6166, 'หาดทนง'),
(6167, 'เกาะเทโพ'),
(6168, 'ท่าซุง'),
(6170, 'โนนเหล็ก'),
(6171, 'หนองเต่า'),
(6172, 'หนองไผ่แบน'),
(6173, 'หนองพังค่า'),
(6175, 'เนินแจง'),
(6176, 'ข้าวเม่า'),
(6177, 'ทัพทัน'),
(6178, 'ทุ่งนาไทย'),
(6179, 'เขาขี้ฝอย'),
(6182, 'หนองยายดา'),
(6183, 'หนองกลางดง'),
(6185, 'หนองสระ'),
(6186, 'ตลุกดู่'),
(6187, 'สว่างอารมณ์'),
(6189, 'พลวงสองนาง'),
(6190, 'ไผ่เขียว'),
(6192, 'หนองฉาง'),
(6193, 'หนองยาง'),
(6194, 'หนองนางนวล'),
(6195, 'หนองสรวง'),
(6197, 'อุทัยเก่า'),
(6198, 'ทุ่งโพ'),
(6199, 'ทุ่งพง'),
(6200, 'เขาบางแกรก'),
(6201, 'เขากวางทอง'),
(6202, 'หนองขาหย่าง'),
(6204, 'ดอนกลอย'),
(6205, 'ห้วยรอบ'),
(6206, 'ทุ่งพึ่ง'),
(6207, 'ท่าโพ'),
(6208, 'หมกแถว'),
(6209, 'หลุมเข้า'),
(6210, 'ดงขวาง'),
(6213, 'ห้วยแห้ง'),
(6214, 'คอกควาย'),
(6216, 'เมืองการุ้ง'),
(6217, 'แก่นมะกรูด'),
(6219, 'หูช้าง'),
(6221, 'บ้านใหม่คลองเคียน'),
(6222, 'หนองบ่มกล้วย'),
(6223, 'เจ้าวัด'),
(6229, 'ลานสัก'),
(6230, 'ประดู่ยืน'),
(6231, 'ป่าอ้อ'),
(6232, 'ระบำ'),
(6234, 'ทุ่งนางาม'),
(6235, 'สุขฤทัย'),
(6236, 'ทองหลาง'),
(6237, 'ห้วยคต'),
(6238, 'ในเมือง'),
(6239, 'ไตรตรึงษ์'),
(6241, 'นาบ่อคำ'),
(6243, 'ทรงธรรม'),
(6244, 'ลานดอกไม้'),
(6245, 'ลานดอกไม้ตก*'),
(6246, 'โกสัมพี*'),
(6248, 'คณฑี'),
(6249, 'นิคมทุ่งโพธิ์ทะเล'),
(6250, 'เทพนคร'),
(6252, 'ท่าขุนราม'),
(6253, 'เพชรชมภู*'),
(6254, 'คลองแม่ลาย'),
(6255, 'ธำมรงค์'),
(6261, 'หนองคล้า'),
(6262, 'หนองทอง'),
(6263, 'หนองไม้กอง'),
(6265, 'พานทอง'),
(6266, 'หนองแม่แตง'),
(6267, 'คลองน้ำไหล'),
(6268, 'โป่งน้ำร้อน'),
(6269, 'คลองลานพัฒนา'),
(6270, 'สักงาม'),
(6273, 'ยางสูง'),
(6274, 'ป่าพุทรา'),
(6276, 'สลกบาตร'),
(6277, 'บ่อถ้ำ'),
(6278, 'ดอนแตง'),
(6279, 'วังชะพลู'),
(6280, 'โค้งไผ่'),
(6281, 'ปางมะค่า'),
(6282, 'วังหามแห'),
(6283, 'เกาะตาล'),
(6285, 'คลองขลุง'),
(6286, 'ท่ามะเขือ'),
(6288, 'ท่าพุทรา'),
(6289, 'แม่ลาด'),
(6291, 'วังแขม'),
(6292, 'หัวถนน'),
(6293, 'วังไทร'),
(6297, 'วังบัว'),
(6300, 'คลองสมบูรณ์'),
(6302, 'พรานกระต่าย'),
(6303, 'หนองหัววัว'),
(6305, 'วังควง'),
(6306, 'วังตะแบก'),
(6307, 'เขาคีริส'),
(6308, 'คุยบ้านโอง'),
(6309, 'คลองพิไกร'),
(6310, 'ถ้ำกระต่ายทอง'),
(6311, 'ห้วยยั้ง'),
(6312, 'ลานกระบือ'),
(6313, 'ช่องลม'),
(6315, 'โนนพลวง'),
(6316, 'ประชาสุขสันต์'),
(6317, 'บึงทับแรต'),
(6318, 'จันทิมา'),
(6319, 'ทุ่งทราย'),
(6321, 'ถาวรวัฒนา'),
(6323, 'หินดาต'),
(6324, 'ปางตาไว'),
(6325, 'บึงสามัคคี'),
(6326, 'วังชะโอน'),
(6327, 'ระหาน'),
(6328, 'เทพนิมิต'),
(6329, 'โกสัมพี'),
(6330, 'เพชรชมภู'),
(6331, 'ลานดอกไม้ตก'),
(6332, 'ระแหง'),
(6334, 'เชียงเงิน'),
(6335, 'หัวเดียด'),
(6336, 'หนองบัวเหนือ'),
(6337, 'ไม้งาม'),
(6338, 'โป่งแดง'),
(6339, 'น้ำรึม'),
(6341, 'เชียงทอง*'),
(6342, 'แม่ท้อ'),
(6343, 'ป่ามะม่วง'),
(6344, 'หนองบัวใต้'),
(6345, 'วังประจบ'),
(6346, 'ตลุกกลางทุ่ง'),
(6347, 'นาโบสถ์*'),
(6348, 'ประดาง*'),
(6349, 'ตากออก'),
(6350, 'สมอโคน'),
(6351, 'แม่สลิด'),
(6352, 'ตากตก'),
(6353, 'เกาะตะเภา'),
(6354, 'ทุ่งกระเชาะ'),
(6355, 'ท้องฟ้า'),
(6356, 'สามเงา'),
(6357, 'วังหมัน'),
(6359, 'ย่านรี'),
(6362, 'แม่ระมาด'),
(6363, 'แม่จะเรา'),
(6364, 'ขะเนจื้อ'),
(6365, 'แม่ตื่น'),
(6366, 'สามหมื่น'),
(6367, 'พระธาตุ'),
(6368, 'ท่าสองยาง'),
(6369, 'แม่ต้าน'),
(6370, 'แม่สอง'),
(6371, 'แม่หละ'),
(6372, 'แม่วะหลวง'),
(6373, 'แม่อุสุ'),
(6374, 'แม่สอด'),
(6375, 'แม่กุ'),
(6376, 'พะวอ'),
(6377, 'แม่ตาว'),
(6378, 'แม่กาษา'),
(6379, 'ท่าสายลวด'),
(6380, 'แม่ปะ'),
(6381, 'มหาวัน'),
(6382, 'ด่านแม่ละเมา'),
(6383, 'พระธาตุผาแดง'),
(6384, 'พบพระ'),
(6385, 'ช่องแคบ'),
(6386, 'คีรีราษฎร์'),
(6387, 'วาเล่ย์'),
(6388, 'รวมไทยพัฒนา'),
(6389, 'อุ้มผาง'),
(6390, 'หนองหลวง'),
(6391, 'โมโกร'),
(6392, 'แม่จัน'),
(6393, 'แม่ละมุ้ง'),
(6395, 'เชียงทอง'),
(6396, 'นาโบสถ์'),
(6397, 'ประดาง'),
(6398, 'ธานี'),
(6399, 'บ้านสวน'),
(6401, 'ปากแคว'),
(6402, 'ยางซ้าย'),
(6404, 'บ้านหลุม'),
(6405, 'ตาลเตี้ย'),
(6406, 'ปากพระ'),
(6407, 'วังทองแดง'),
(6408, 'ลานหอย'),
(6409, 'บ้านด่าน'),
(6410, 'วังตะคร้อ'),
(6411, 'วังน้ำขาว'),
(6415, 'โตนด'),
(6417, 'บ้านป้อม'),
(6418, 'สามพวง'),
(6419, 'ศรีคีรีมาศ'),
(6420, 'หนองจิก'),
(6421, 'นาเชิงคีรี'),
(6422, 'หนองกระดิ่ง'),
(6423, 'บ้านน้ำพุ'),
(6424, 'ทุ่งยางเมือง'),
(6425, 'กง'),
(6427, 'ไกรนอก'),
(6428, 'ไกรกลาง'),
(6429, 'ไกรใน'),
(6430, 'ดงเดือย'),
(6432, 'กกแรต'),
(6433, 'ท่าฉนวน'),
(6434, 'หนองตูม'),
(6435, 'บ้านใหม่สุขเกษม'),
(6436, 'หาดเสี้ยว'),
(6437, 'ป่างิ้ว'),
(6438, 'แม่สำ'),
(6439, 'แม่สิน'),
(6440, 'บ้านตึก'),
(6442, 'ท่าชัย'),
(6443, 'ศรีสัชนาลัย'),
(6444, 'ดงคู่'),
(6445, 'บ้านแก่ง'),
(6446, 'สารจิตร'),
(6447, 'คลองตาล'),
(6452, 'นาขุนไกร'),
(6453, 'เกาะตาเลี้ยง'),
(6454, 'วัดเกาะ'),
(6456, 'ทับผึ้ง'),
(6457, 'บ้านซ่าน'),
(6459, 'ราวต้นจันทร์'),
(6460, 'เมืองสวรรคโลก'),
(6462, 'คลองกระจง'),
(6463, 'วังพิณพาทย์'),
(6464, 'วังไม้ขอน'),
(6468, 'เมืองบางยม'),
(6471, 'ป่ากุมเกาะ'),
(6472, 'เมืองบางขลัง'),
(6473, 'หนองกลับ'),
(6474, 'ประชาราษฎร์'),
(6479, 'ศรีนคร'),
(6480, 'นครเดิฐ'),
(6481, 'น้ำขุม'),
(6482, 'คลองมะพลับ'),
(6484, 'บ้านใหม่ไชยมงคล'),
(6485, 'ไทยชนะศึก'),
(6486, 'ทุ่งเสลี่ยม'),
(6487, 'กลางดง'),
(6488, 'เขาแก้วศรีสมบูรณ์'),
(6490, 'วังน้ำคู้'),
(6492, 'วัดพริก'),
(6495, 'สมอแข'),
(6496, 'ดอนทอง'),
(6497, 'บ้านป่า'),
(6498, 'ปากโทก'),
(6499, 'หัวรอ'),
(6500, 'จอมทอง'),
(6502, 'บ้านคลอง'),
(6503, 'พลายชุมพล'),
(6504, 'มะขามสูง'),
(6505, 'อรัญญิก'),
(6506, 'บึงพระ'),
(6507, 'ไผ่ขอดอน'),
(6508, 'งิ้วงาม'),
(6509, 'นครไทย'),
(6510, 'หนองกะท้าว'),
(6511, 'บ้านแยง'),
(6512, 'เนินเพิ่ม'),
(6513, 'นาบัว'),
(6514, 'นครชุม'),
(6515, 'น้ำกุ่ม'),
(6516, 'ยางโกลน'),
(6517, 'บ่อโพธิ์'),
(6519, 'ห้วยเฮี้ย'),
(6520, 'ป่าแดง'),
(6521, 'ชาติตระการ'),
(6522, 'สวนเมี่ยง'),
(6523, 'บ้านดง'),
(6524, 'บ่อภาค'),
(6525, 'ท่าสะแก'),
(6527, 'ปลักแรด'),
(6528, 'พันเสา'),
(6529, 'วังอิทก'),
(6530, 'บึงกอก'),
(6531, 'หนองกุลา'),
(6532, 'ชุมแสงสงคราม'),
(6535, 'ท่านางงาม'),
(6536, 'คุยม่วง'),
(6537, 'บางกระทุ่ม'),
(6539, 'โคกสลุด'),
(6541, 'ท่าตาล'),
(6542, 'ไผ่ล้อม'),
(6543, 'นครป่าหมาก'),
(6544, 'เนินกุ่ม'),
(6545, 'วัดตายม'),
(6546, 'พรหมพิราม'),
(6548, 'วงฆ้อง'),
(6549, 'มะตูม'),
(6550, 'หอกลอง'),
(6551, 'ศรีภิรมย์'),
(6552, 'ตลุกเทียม'),
(6554, 'หนองแขม'),
(6555, 'มะต้อง'),
(6556, 'ทับยายเชียง'),
(6557, 'ดงประคำ'),
(6559, 'ท่างาม'),
(6560, 'ท้อแท้'),
(6562, 'หินลาด'),
(6563, 'คันโช้ง'),
(6564, 'วังทอง'),
(6565, 'พันชาลี'),
(6566, 'แม่ระกา'),
(6569, 'แก่งโสภา'),
(6570, 'ท่าหมื่นราม'),
(6571, 'วังนกแอ่น'),
(6573, 'ชัยนาม'),
(6574, 'ดินทอง'),
(6580, 'ชมพู'),
(6581, 'บ้านมุง'),
(6582, 'ไทรย้อย'),
(6583, 'วังโพรง'),
(6584, 'บ้านน้อยซุ้มขี้เหล็ก'),
(6585, 'เนินมะปราง'),
(6587, 'โคกแหลม'),
(6591, 'ท่าฬ่อ'),
(6592, 'ปากทาง'),
(6593, 'คลองคะเชนทร์'),
(6594, 'โรงช้าง'),
(6595, 'เมืองเก่า'),
(6596, 'ท่าหลวง'),
(6597, 'บ้านบุ่ง'),
(6598, 'ฆะมัง'),
(6599, 'ดงป่าคำ'),
(6600, 'หัวดง'),
(6602, 'ป่ามะคาบ'),
(6606, 'สายคำโห้'),
(6607, 'ดงกลาง'),
(6616, 'วังทรายพูน'),
(6618, 'หนองพระ'),
(6619, 'หนองปล้อง'),
(6620, 'โพธิ์ประทับช้าง'),
(6621, 'ไผ่ท่าโพ'),
(6622, 'วังจิก'),
(6623, 'ไผ่รอบ'),
(6624, 'ดงเสือเหลือง'),
(6625, 'เนินสว่าง'),
(6627, 'ตะพานหิน'),
(6629, 'ห้วยเกตุ'),
(6630, 'ไทรโรงโขน'),
(6631, 'หนองพยอม'),
(6633, 'ดงตะขบ'),
(6634, 'คลองคูณ'),
(6637, 'วังหลุม'),
(6638, 'ทับหมัน'),
(6639, 'ไผ่หลวง'),
(6644, 'บางมูลนาก'),
(6645, 'บางไผ่'),
(6646, 'หอไกร'),
(6647, 'เนินมะกอก'),
(6648, 'วังสำโรง'),
(6649, 'ภูมิ'),
(6650, 'วังกรด'),
(6651, 'ห้วยเขน'),
(6653, 'สำนักขุนเณร*'),
(6654, 'ห้วยพุก*'),
(6655, 'ห้วยร่วม*'),
(6656, 'วังงิ้ว*'),
(6657, 'ลำประดา'),
(6658, 'วังงิ้วใต้*'),
(6659, 'โพทะเล'),
(6660, 'ท้ายน้ำ'),
(6661, 'ทะนง'),
(6662, 'ท่าบัว'),
(6664, 'ท่าขมิ้น'),
(6666, 'บางคลาน'),
(6667, 'บางลาย*'),
(6668, 'บึงนาราง*'),
(6669, 'ท่านั่ง'),
(6670, 'บ้านน้อย'),
(6671, 'วัดขวาง'),
(6672, 'โพธิ์ไทรงาม*'),
(6673, 'แหลมรัง*'),
(6674, 'ห้วยแก้ว*'),
(6676, 'กำแพงดิน'),
(6677, 'รังนก'),
(6678, 'หนองหลุม*'),
(6680, 'เนินปอ'),
(6682, 'วังโมกข์*'),
(6683, 'บึงบัว*'),
(6684, 'ทับคล้อ'),
(6685, 'เขาทราย'),
(6686, 'เขาเจ็ดลูก'),
(6687, 'ท้ายทุ่ง'),
(6688, 'สากเหล็ก'),
(6689, 'ท่าเยี่ยม'),
(6691, 'หนองหญ้าไทร'),
(6692, 'วังทับไทร'),
(6693, 'ห้วยแก้ว'),
(6694, 'โพธิ์ไทรงาม'),
(6695, 'แหลมรัง'),
(6696, 'บางลาย'),
(6697, 'บึงนาราง'),
(6698, 'วังงิ้วใต้'),
(6699, 'วังงิ้ว'),
(6700, 'ห้วยร่วม'),
(6701, 'ห้วยพุก'),
(6702, 'สำนักขุนเณร'),
(6704, 'บึงบัว'),
(6705, 'วังโมกข์'),
(6706, 'หนองหลุม'),
(6708, 'ตะเบาะ'),
(6709, 'บ้านโตก'),
(6710, 'สะเดียง'),
(6711, 'ป่าเลา'),
(6712, 'นางั่ว'),
(6713, 'ท่าพล'),
(6714, 'ดงมูลเหล็ก'),
(6715, 'บ้านโคก'),
(6716, 'ชอนไพร'),
(6717, 'นาป่า'),
(6718, 'นายม'),
(6721, 'ห้วยสะแก'),
(6722, 'ห้วยใหญ่'),
(6723, 'ระวิง'),
(6724, 'ชนแดน'),
(6725, 'ดงขุย'),
(6727, 'พุทธบาท'),
(6728, 'ลาดแค'),
(6729, 'บ้านกล้วย'),
(6730, 'ซับเปิป'),
(6731, 'ซับพุทรา'),
(6732, 'ตะกุดไร'),
(6733, 'ศาลาลาย'),
(6736, 'หล่มสัก'),
(6737, 'วัดป่า'),
(6738, 'ตาลเดี่ยว'),
(6739, 'ฝายนาแซง'),
(6740, 'หนองสว่าง'),
(6741, 'น้ำเฮี้ย'),
(6742, 'สักหลง'),
(6743, 'ท่าอิบุญ'),
(6744, 'บ้านโสก'),
(6745, 'บ้านติ้ว'),
(6746, 'ห้วยไร่'),
(6747, 'น้ำก้อ'),
(6749, 'น้ำชุน'),
(6750, 'หนองไขว่'),
(6751, 'ลานบ่า'),
(6753, 'บุ่งน้ำเต้า'),
(6755, 'ช้างตะลูด'),
(6757, 'ปากดุก'),
(6758, 'บ้านหวาย'),
(6760, 'หล่มเก่า'),
(6761, 'นาซำ'),
(6762, 'หินฮาว'),
(6764, 'ศิลา'),
(6765, 'นาแซง'),
(6766, 'วังบาล'),
(6767, 'นาเกาะ'),
(6768, 'ตาดกลอย'),
(6770, 'ท่าโรง'),
(6771, 'สระประดู่'),
(6772, 'สามแยก'),
(6773, 'โคกปรง'),
(6774, 'น้ำร้อน'),
(6775, 'บ่อรัง'),
(6776, 'พุเตย'),
(6777, 'พุขาม'),
(6778, 'ภูน้ำหยด'),
(6779, 'ซับสมบูรณ์'),
(6780, 'บึงกระจับ'),
(6782, 'ยางสาว'),
(6783, 'ซับน้อย'),
(6788, 'ศรีเทพ'),
(6789, 'สระกรวด'),
(6790, 'คลองกระจัง'),
(6791, 'นาสนุ่น'),
(6792, 'โคกสะอาด'),
(6793, 'หนองย่างทอย'),
(6794, 'ประดู่งาม'),
(6795, 'กองทูล'),
(6796, 'นาเฉลียง'),
(6797, 'บ้านโภชน์'),
(6798, 'ท่าแดง'),
(6799, 'เพชรละคร'),
(6800, 'บ่อไทย'),
(6801, 'ห้วยโป่ง'),
(6802, 'วังท่าดี'),
(6803, 'บัววัฒนา'),
(6805, 'วังโบสถ์'),
(6806, 'ยางงาม'),
(6807, 'ท่าด้วง'),
(6808, 'ซับสมอทอด'),
(6809, 'ซับไม้แดง'),
(6810, 'หนองแจง'),
(6811, 'กันจุ'),
(6812, 'วังพิกุล'),
(6813, 'พญาวัง'),
(6816, 'บึงสามพัน'),
(6817, 'น้ำหนาว'),
(6818, 'หลักด่าน'),
(6819, 'วังกวาง'),
(6820, 'โคกมน'),
(6821, 'วังโป่ง'),
(6822, 'ท้ายดง'),
(6823, 'ซับเปิบ'),
(6825, 'วังศาล'),
(6827, 'แคมป์สน'),
(6828, 'เขาค้อ'),
(6829, 'ริมสีม่วง'),
(6830, 'สะเดาะพง'),
(6831, 'หนองแม่นา'),
(6832, 'เข็กน้อย'),
(6834, 'เจดีย์หัก'),
(6836, 'หนองกลางนา'),
(6837, 'ห้วยไผ่'),
(6838, 'คุ้งน้ำวน'),
(6839, 'คุ้งกระถิน'),
(6841, 'โคกหม้อ'),
(6842, 'สามเรือน'),
(6843, 'พิกุลทอง'),
(6845, 'ดอนแร่'),
(6846, 'หินกอง'),
(6847, 'เขาแร้ง'),
(6848, 'เกาะพลับพลา'),
(6849, 'หลุมดิน'),
(6850, 'บางป่า'),
(6851, 'พงสวาย'),
(6852, 'คูบัว'),
(6855, 'จอมบึง'),
(6856, 'ปากช่อง'),
(6858, 'ด่านทับตะโก'),
(6859, 'แก้มอ้น'),
(6860, 'รางบัว'),
(6862, 'บ้านผึ้ง'),
(6864, 'สวนผึ้ง'),
(6865, 'ป่าหวาย'),
(6866, 'บ้านบึง*'),
(6868, 'บ้านคา*'),
(6869, 'หนองพันจันทร์*'),
(6870, 'ตะนาวศรี'),
(6871, 'ดำเนินสะดวก'),
(6872, 'ประสาทสิทธิ์'),
(6873, 'ศรีสุราษฎร์'),
(6874, 'ตาหลวง'),
(6875, 'ดอนกรวย'),
(6876, 'ดอนคลัง'),
(6877, 'บัวงาม'),
(6878, 'บ้านไร่'),
(6879, 'แพงพวย'),
(6880, 'สี่หมื่น'),
(6881, 'ท่านัด'),
(6882, 'ขุนพิทักษ์'),
(6883, 'ดอนไผ่'),
(6884, 'บ้านโป่ง'),
(6885, 'ท่าผา'),
(6886, 'กรับใหญ่'),
(6887, 'ปากแรต'),
(6888, 'หนองกบ'),
(6889, 'หนองอ้อ'),
(6891, 'สวนกล้วย'),
(6892, 'นครชุมน์'),
(6893, 'บ้านม่วง'),
(6894, 'คุ้งพยอม'),
(6895, 'หนองปลาหมอ'),
(6896, 'เขาขลุง'),
(6897, 'เบิกไพร'),
(6898, 'ลาดบัวขาว'),
(6899, 'บางแพ'),
(6901, 'หัวโพ'),
(6902, 'วัดแก้ว'),
(6903, 'ดอนใหญ่'),
(6905, 'โพหัก'),
(6906, 'โพธาราม'),
(6907, 'ดอนกระเบื้อง'),
(6908, 'หนองโพ'),
(6909, 'บ้านเลือก'),
(6910, 'คลองตาคต'),
(6911, 'บ้านฆ้อง'),
(6912, 'บ้านสิงห์'),
(6914, 'เจ็ดเสมียน'),
(6915, 'คลองข่อย'),
(6916, 'ชำแระ'),
(6917, 'สร้อยฟ้า'),
(6918, 'ท่าชุมพล'),
(6919, 'บางโตนด'),
(6920, 'เตาปูน'),
(6921, 'นางแก้ว'),
(6922, 'ธรรมเสน'),
(6923, 'เขาชะงุ้ม'),
(6924, 'หนองกวาง'),
(6926, 'วังมะนาว'),
(6929, 'ปากท่อ'),
(6930, 'ป่าไก่'),
(6931, 'วัดยางงาม'),
(6932, 'อ่างหิน'),
(6933, 'บ่อกระดาน'),
(6934, 'ยางหัก'),
(6935, 'วันดาว'),
(6936, 'ห้วยยางโทน'),
(6937, 'เกาะศาลพระ'),
(6938, 'จอมประทัด'),
(6939, 'วัดเพลง'),
(6940, 'บ้านคา'),
(6941, 'บ้านบึง'),
(6942, 'หนองพันจันทร์'),
(6943, 'บ้านเหนือ'),
(6946, 'ท่ามะขาม'),
(6947, 'แก่งเสี้ยน'),
(6949, 'ลาดหญ้า'),
(6950, 'วังด้ง'),
(6951, 'ช่องสะเดา'),
(6952, 'หนองหญ้า'),
(6953, 'เกาะสำโรง'),
(6955, 'บ้านเก่า'),
(6959, 'ลุ่มสุ่ม'),
(6961, 'สิงห์'),
(6962, 'ไทรโยค'),
(6963, 'วังกระแจะ'),
(6964, 'ศรีมงคล'),
(6965, 'บ้องตี้'),
(6966, 'บ่อพลอย'),
(6967, 'หนองกุ่ม'),
(6968, 'หนองรี'),
(6970, 'หลุมรัง'),
(6973, 'ช่องด่าน'),
(6974, 'หนองกร่าง'),
(6975, 'นาสวน'),
(6976, 'ด่านแม่แฉลบ'),
(6977, 'หนองเป็ด'),
(6979, 'เขาโจด'),
(6980, 'แม่กระบุง'),
(6981, 'พงตึก'),
(6982, 'ยางม่วง'),
(6983, 'ดอนชะเอม'),
(6985, 'ตะคร้ำเอน'),
(6986, 'ท่ามะกา'),
(6988, 'โคกตะบอง'),
(6989, 'ดอนขมิ้น'),
(6990, 'อุโลกสี่หมื่น'),
(6991, 'เขาสามสิบหาบ'),
(6992, 'พระแท่น'),
(6993, 'หวายเหนียว'),
(6994, 'แสนตอ'),
(6995, 'สนามแย้'),
(6997, 'หนองลาน'),
(6999, 'วังขนาย'),
(7000, 'วังศาลา'),
(7001, 'ท่าล้อ'),
(7002, 'หนองขาว'),
(7003, 'ทุ่งทอง'),
(7005, 'ม่วงชุม'),
(7009, 'รางสาลี่'),
(7010, 'หนองตากยา'),
(7011, 'ท่าขนุน'),
(7012, 'ปิล๊อก'),
(7013, 'หินดาด'),
(7014, 'ลิ่นถิ่น'),
(7015, 'ชะแล'),
(7016, 'ห้วยเขย่ง'),
(7017, 'สหกรณ์นิคม'),
(7018, 'หนองลู'),
(7019, 'ปรังเผล'),
(7020, 'ไล่โว่'),
(7021, 'พนมทวน'),
(7022, 'หนองโรง'),
(7023, 'ทุ่งสมอ'),
(7025, 'พังตรุ'),
(7026, 'รางหวาย'),
(7032, 'ดอนตาเพชร'),
(7033, 'เลาขวัญ'),
(7035, 'หนองประดู่'),
(7036, 'หนองปลิง'),
(7037, 'หนองนกแก้ว'),
(7038, 'ทุ่งกระบ่ำ'),
(7039, 'หนองฝ้าย'),
(7040, 'ด่านมะขามเตี้ย'),
(7041, 'กลอนโด'),
(7042, 'จรเข้เผือก'),
(7043, 'หนองไผ่'),
(7046, 'สมเด็จเจริญ'),
(7047, 'ห้วยกระเจา'),
(7049, 'ดอนแสลบ'),
(7050, 'สระลงเรือ'),
(7051, 'ท่าพี่เลี้ยง'),
(7052, 'รั้วใหญ่'),
(7053, 'ทับตีเหล็ก'),
(7054, 'ท่าระหัด'),
(7055, 'ไผ่ขวาง'),
(7056, 'โคกโคเฒ่า'),
(7057, 'ดอนตาล'),
(7058, 'ดอนมะสังข์'),
(7059, 'พิหารแดง'),
(7060, 'ดอนกำยาน'),
(7061, 'ดอนโพธิ์ทอง'),
(7066, 'ศาลาขาว'),
(7069, 'โพธิ์พระยา'),
(7070, 'สนามคลี'),
(7072, 'เดิมบาง'),
(7073, 'นางบวช'),
(7076, 'ทุ่งคลี'),
(7077, 'โคกช้าง'),
(7079, 'หัวนา'),
(7080, 'บ่อกรุ'),
(7081, 'วังศรีราช'),
(7082, 'ป่าสะแก'),
(7083, 'ยางนอน'),
(7089, 'หนองมะค่าโมง'),
(7090, 'ด่านช้าง'),
(7091, 'ห้วยขมิ้น'),
(7092, 'องค์พระ'),
(7093, 'วังคัน'),
(7094, 'นิคมกระเสียว'),
(7095, 'วังยาว'),
(7096, 'โคกคราม'),
(7097, 'บางปลาม้า'),
(7098, 'ตะค่า'),
(7100, 'กฤษณา'),
(7101, 'สาลี'),
(7102, 'ไผ่กองดิน'),
(7103, 'องครักษ์'),
(7104, 'จรเข้ใหญ่'),
(7106, 'มะขามล้ม'),
(7107, 'วังน้ำเย็น'),
(7108, 'วัดโบสถ์'),
(7109, 'วัดดาว'),
(7110, 'ศรีประจันต์'),
(7111, 'บ้านกร่าง'),
(7112, 'มดแดง'),
(7113, 'บางงาม'),
(7114, 'ดอนปรู'),
(7115, 'ปลายนา'),
(7116, 'วังหว้า'),
(7117, 'วังน้ำซับ'),
(7118, 'วังยาง'),
(7119, 'ดอนเจดีย์'),
(7120, 'หนองสาหร่าย'),
(7121, 'ไร่รถ'),
(7122, 'สระกระโจม'),
(7123, 'ทะเลบก'),
(7126, 'บางตาเถร'),
(7127, 'บางตะเคียน'),
(7129, 'หัวโพธิ์'),
(7130, 'บางพลับ'),
(7131, 'เนินพระปรางค์'),
(7132, 'บ้านช้าง'),
(7133, 'ต้นตาล'),
(7135, 'ทุ่งคอก'),
(7137, 'บ่อสุพรรณ'),
(7138, 'ดอนมะนาว'),
(7140, 'วังลึก'),
(7141, 'สามชุก'),
(7142, 'หนองผักนาก'),
(7143, 'บ้านสระ'),
(7144, 'หนองสะเดา'),
(7145, 'กระเสียว'),
(7150, 'อู่ทอง'),
(7151, 'สระยายโสม'),
(7152, 'จรเข้สามพัน'),
(7153, 'บ้านดอน'),
(7154, 'ยุ้งทะลาย'),
(7155, 'ดอนมะเกลือ'),
(7156, 'หนองโอ่ง'),
(7157, 'ดอนคา'),
(7158, 'พลับพลาไชย'),
(7159, 'บ้านโข้ง'),
(7160, 'เจดีย์'),
(7161, 'สระพังลาน'),
(7162, 'กระจัน'),
(7163, 'หนองหญ้าไซ'),
(7164, 'หนองราชวัตร'),
(7165, 'หนองโพธิ์'),
(7166, 'แจงงาม'),
(7167, 'หนองขาม'),
(7169, 'พระปฐมเจดีย์'),
(7170, 'บางแขม'),
(7171, 'พระประโทน'),
(7172, 'ธรรมศาลา'),
(7173, 'ตาก้อง'),
(7174, 'มาบแค'),
(7175, 'สนามจันทร์'),
(7176, 'ดอนยายหอม'),
(7177, 'ถนนขาด'),
(7178, 'บ่อพลับ'),
(7179, 'นครปฐม'),
(7180, 'วังตะกู'),
(7181, 'หนองปากโลง'),
(7182, 'สามควายเผือก'),
(7183, 'ทุ่งน้อย'),
(7184, 'หนองดินแดง'),
(7185, 'วังเย็น'),
(7186, 'โพรงมะเดื่อ'),
(7187, 'ลำพยา'),
(7188, 'สระกะเทียม'),
(7189, 'สวนป่าน'),
(7190, 'ห้วยจรเข้'),
(7191, 'ทัพหลวง'),
(7192, 'หนองงูเหลือม'),
(7194, 'ทุ่งกระพังโหม'),
(7195, 'กระตีบ'),
(7196, 'ทุ่งลูกนก'),
(7197, 'ห้วยขวาง'),
(7198, 'ทุ่งขวาง'),
(7199, 'สระสี่มุม'),
(7200, 'ทุ่งบัว'),
(7201, 'ดอนข่อย'),
(7202, 'สระพัฒนา'),
(7203, 'ห้วยหมอนทอง'),
(7204, 'ห้วยม่วง'),
(7205, 'กำแพงแสน'),
(7206, 'รางพิกุล'),
(7207, 'หนองกระทุ่ม'),
(7208, 'วังน้ำเขียว'),
(7209, 'นครชัยศรี'),
(7210, 'บางกระเบา'),
(7211, 'วัดแค'),
(7212, 'ท่าตำหนัก'),
(7214, 'ท่ากระชับ'),
(7215, 'ขุนแก้ว'),
(7216, 'ท่าพระยา'),
(7217, 'พะเนียด'),
(7219, 'โคกพระเจดีย์'),
(7220, 'ศรีษะทอง'),
(7221, 'แหลมบัว'),
(7222, 'ศรีมหาโพธิ์'),
(7223, 'สัมปทวน'),
(7224, 'วัดสำโรง'),
(7225, 'ดอนแฝก'),
(7226, 'ห้วยพลู'),
(7227, 'วัดละมุด'),
(7229, 'บางแก้วฟ้า'),
(7230, 'ลานตากฟ้า'),
(7231, 'งิ้วราย'),
(7232, 'ไทยาวาส'),
(7239, 'สามง่าม'),
(7240, 'ห้วยพระ'),
(7241, 'ลำเหย'),
(7242, 'ดอนพุทรา'),
(7243, 'บ้านหลวง'),
(7244, 'ดอนรวก'),
(7245, 'ห้วยด้วน'),
(7246, 'ลำลูกบัว'),
(7247, 'บางเลน'),
(7248, 'บางปลา'),
(7249, 'บางหลวง'),
(7250, 'บางภาษี'),
(7251, 'บางระกำ'),
(7252, 'บางไทรป่า'),
(7253, 'หินมูล'),
(7254, 'ไทรงาม'),
(7255, 'ดอนตูม'),
(7256, 'นิลเพชร'),
(7257, 'บัวปากท่า'),
(7258, 'คลองนกกระทุง'),
(7259, 'นราภิรมย์'),
(7260, 'ลำพญา'),
(7261, 'ไผ่หูช้าง'),
(7263, 'ทรงคนอง'),
(7264, 'หอมเกร็ด'),
(7265, 'บางกระทึก'),
(7267, 'สามพราน'),
(7269, 'ไร่ขิง'),
(7270, 'ท่าตลาด'),
(7271, 'กระทุ่มล้ม'),
(7273, 'ตลาดจินดา'),
(7274, 'คลองจินดา'),
(7275, 'ยายชา'),
(7277, 'อ้อมใหญ่'),
(7278, 'ศาลายา'),
(7279, 'คลองโยง'),
(7280, 'มหาสวัสดิ์'),
(7281, 'มหาชัย'),
(7282, 'ท่าฉลอม'),
(7283, 'โกรกกราก'),
(7284, 'บ้านบ่อ'),
(7285, 'บางโทรัด'),
(7287, 'นาโคก'),
(7288, 'ท่าจีน'),
(7289, 'นาดี'),
(7290, 'ท่าทราย'),
(7293, 'พันท้ายนรสิงห์'),
(7294, 'โคกขาม'),
(7296, 'บางกระเจ้า'),
(7297, 'บางหญ้าแพรก'),
(7298, 'ชัยมงคล'),
(7299, 'ตลาดกระทุ่มแบน'),
(7300, 'อ้อมน้อย'),
(7301, 'ท่าไม้'),
(7303, 'บางยาง'),
(7304, 'คลองมะเดื่อ'),
(7305, 'หนองนกไข่'),
(7306, 'ดอนไก่ดี'),
(7307, 'แคราย'),
(7308, 'ท่าเสา'),
(7309, 'บ้านแพ้ว'),
(7310, 'หลักสาม'),
(7311, 'ยกกระบัตร'),
(7313, 'หนองสองห้อง'),
(7315, 'หลักสอง'),
(7316, 'เจ็ดริ้ว'),
(7317, 'คลองตัน'),
(7318, 'อำแพง'),
(7319, 'สวนส้ม'),
(7320, 'เกษตรพัฒนา'),
(7321, 'แม่กลอง'),
(7322, 'บางขันแตก'),
(7323, 'ลาดใหญ่'),
(7324, 'บ้านปรก'),
(7326, 'ท้ายหาด'),
(7327, 'แหลมใหญ่'),
(7328, 'คลองเขิน'),
(7329, 'คลองโคน'),
(7330, 'นางตะเคียน'),
(7331, 'บางจะเกร็ง'),
(7333, 'บางสะแก'),
(7334, 'บางยี่รงค์'),
(7335, 'โรงหีบ'),
(7336, 'บางคนที'),
(7337, 'ดอนมะโนรา'),
(7338, 'บางพรม'),
(7340, 'จอมปลวก'),
(7341, 'บางนกแขวก'),
(7342, 'ยายแพง'),
(7343, 'บางกระบือ'),
(7344, 'บ้านปราโมทย์'),
(7345, 'อัมพวา'),
(7347, 'ท่าคา'),
(7349, 'เหมืองใหม่'),
(7350, 'บางช้าง'),
(7351, 'แควอ้อม'),
(7352, 'ปลายโพงพาง'),
(7353, 'บางแค'),
(7354, 'แพรกหนามแดง'),
(7355, 'ยี่สาร'),
(7356, 'บางนางลี่'),
(7357, 'ท่าราบ'),
(7358, 'คลองกระแชง'),
(7359, 'บางจาน'),
(7360, 'นาพันสาม'),
(7362, 'บ้านกุ่ม'),
(7363, 'หนองโสน'),
(7364, 'ไร่ส้ม'),
(7365, 'เวียงคอย'),
(7367, 'บ้านหม้อ'),
(7368, 'ต้นมะม่วง'),
(7369, 'ช่องสะแก'),
(7370, 'นาวุ้ง'),
(7371, 'สำมะโรง'),
(7372, 'โพพระ'),
(7373, 'หาดเจ้าสำราญ'),
(7374, 'หัวสะพาน'),
(7375, 'ต้นมะพร้าว'),
(7376, 'วังตะโก'),
(7377, 'โพไร่หวาน'),
(7379, 'หนองขนาน'),
(7381, 'มาตยาวงศ์'),
(7382, 'เขาย้อย'),
(7383, 'สระพัง'),
(7384, 'บางเค็ม'),
(7385, 'ทับคาง'),
(7386, 'หนองปลาไหล'),
(7387, 'หนองปรง'),
(7388, 'หนองชุมพล'),
(7389, 'ห้วยโรง'),
(7390, 'ห้วยท่าช้าง'),
(7391, 'หนองชุมพลเหนือ'),
(7392, 'ยางน้ำกลักใต้'),
(7393, 'ยางน้ำกลักเหนือ'),
(7395, 'หนองหญ้าปล้อง'),
(7396, 'ยางน้ำกลัดเหนือ'),
(7397, 'ยางน้ำกลัดใต้'),
(7398, 'ท่าตะคร้อ'),
(7399, 'ชะอำ'),
(7401, 'นายาง'),
(7403, 'หนองศาลา'),
(7404, 'ห้วยทรายเหนือ'),
(7405, 'ไร่ใหม่พัฒนา'),
(7406, 'สามพระยา'),
(7407, 'ดอนขุนห้วย'),
(7409, 'ท่าคอย'),
(7410, 'ยางหย่อง'),
(7411, 'หนองจอก'),
(7412, 'มาบปลาเค้า'),
(7413, 'ท่าไม้รวก'),
(7414, 'วังไคร้'),
(7418, 'กลัดหลวง'),
(7419, 'ปึกเตียน'),
(7420, 'เขากระปุก'),
(7421, 'ท่าแลง'),
(7422, 'บ้านในดง'),
(7423, 'สระปลาดู่'),
(7424, 'บางเมือง'),
(7425, 'นาไพร'),
(7429, 'บ้านลาด'),
(7430, 'บ้านหาด'),
(7431, 'บ้านทาน'),
(7432, 'ตำหรุ'),
(7433, 'สมอพลือ'),
(7434, 'ไร่มะขาม'),
(7435, 'ท่าเสน'),
(7436, 'หนองกระเจ็ด'),
(7437, 'หนองกะปุ'),
(7438, 'ลาดโพธิ์'),
(7439, 'สะพานไกร'),
(7440, 'ไร่โคก'),
(7441, 'โรงเข้'),
(7442, 'ไร่สะท้อน'),
(7443, 'ห้วยข้อง'),
(7445, 'ถ้ำรงค์'),
(7447, 'บ้านแหลม'),
(7448, 'บางขุนไทร'),
(7449, 'ปากทะเล'),
(7451, 'แหลมผักเบี้ย'),
(7452, 'บางตะบูน'),
(7453, 'บางตะบูนออก'),
(7454, 'บางครก'),
(7455, 'ท่าแร้ง'),
(7456, 'ท่าแร้งออก'),
(7457, 'แก่งกระจาน'),
(7459, 'วังจันทร์'),
(7460, 'ป่าเด็ง'),
(7461, 'พุสวรรค์'),
(7462, 'ห้วยแม่เพรียง'),
(7463, 'ประจวบคีรีขันธ์'),
(7464, 'เกาะหลัก'),
(7465, 'คลองวาฬ'),
(7466, 'ห้วยทราย'),
(7467, 'อ่าวน้อย'),
(7468, 'บ่อนอก'),
(7469, 'กุยบุรี'),
(7470, 'กุยเหนือ'),
(7472, 'ดอนยายหนู'),
(7473, 'ไร่ใหม่*'),
(7474, 'สามกระทาย'),
(7475, 'หาดขาม'),
(7476, 'ทับสะแก'),
(7478, 'นาหูกวาง'),
(7479, 'เขาล้าน'),
(7480, 'ห้วยยาง'),
(7481, 'แสงอรุณ'),
(7482, 'กำเนิดนพคุณ'),
(7483, 'พงศ์ประศาสน์'),
(7484, 'ร่อนทอง'),
(7485, 'ธงชัย'),
(7486, 'ชัยเกษม'),
(7487, 'ทองมงคล'),
(7488, 'แม่รำพึง'),
(7490, 'บางสะพาน'),
(7491, 'ทรายทอง'),
(7492, 'ช้างแรก'),
(7493, 'ไชยราช'),
(7494, 'ปราณบุรี'),
(7497, 'ปากน้ำปราณ'),
(7500, 'หนองตาแต้ม'),
(7501, 'วังก์พง'),
(7502, 'เขาจ้าว'),
(7503, 'หัวหิน'),
(7504, 'หนองแก'),
(7505, 'หินเหล็กไฟ'),
(7506, 'หนองพลับ'),
(7507, 'ทับใต้'),
(7508, 'ห้วยสัตว์ใหญ่'),
(7509, 'บึงนคร'),
(7510, 'สามร้อยยอด'),
(7511, 'ศิลาลอย'),
(7512, 'ไร่เก่า'),
(7513, 'ศาลาลัย'),
(7514, 'ไร่ใหม่'),
(7516, 'ท่าวัง'),
(7517, 'คลัง'),
(7520, 'ท่าไร่'),
(7521, 'ปากนคร'),
(7522, 'นาทราย'),
(7526, 'กำแพงเซา'),
(7527, 'ไชยมนตรี'),
(7528, 'มะม่วงสองต้น'),
(7529, 'นาเคียน'),
(7532, 'โพธิ์เสด็จ'),
(7533, 'บางจาก'),
(7534, 'ปากพูน'),
(7535, 'ท่าซัก'),
(7539, 'ศาลามีชัย'),
(7540, 'นา'),
(7542, 'พรหมโลก'),
(7543, 'บ้านเกาะ'),
(7544, 'อินคีรี'),
(7545, 'ทอนหงส์'),
(7546, 'นาเรียง'),
(7547, 'เขาแก้ว'),
(7548, 'ลานสกา'),
(7549, 'ท่าดี'),
(7550, 'กำโลน'),
(7552, 'ฉวาง'),
(7553, 'ช้างกลาง*'),
(7554, 'ละอาย'),
(7555, 'นาแว'),
(7556, 'ไม้เรียง'),
(7557, 'กะเปียด'),
(7558, 'นากะชะ'),
(7560, 'ห้วยปริก'),
(7561, 'ไสหร้า'),
(7562, 'หลักช้าง*'),
(7563, 'สวนขัน*'),
(7566, 'นาเขลียง'),
(7567, 'จันดี'),
(7568, 'พิปูน'),
(7569, 'กะทูน'),
(7571, 'ยางค้อม'),
(7572, 'ควนกลาง'),
(7573, 'เชียรใหญ่'),
(7574, 'เชียรเขา*'),
(7575, 'ท่าขนาน'),
(7577, 'บ้านเนิน'),
(7578, 'ไสหมาก'),
(7579, 'ท้องลำเจียก'),
(7580, 'ดอนตรอ*'),
(7581, 'สวนหลวง*'),
(7582, 'เสือหึง'),
(7583, 'การะเกด'),
(7584, 'เขาพระบาท'),
(7585, 'แม่เจ้าอยู่หัว'),
(7586, 'ชะอวด'),
(7587, 'ท่าเสม็ด'),
(7588, 'ท่าประจะ'),
(7589, 'เคร็ง'),
(7590, 'วังอ่าง'),
(7591, 'บ้านตูล'),
(7592, 'ขอนหาด'),
(7593, 'เกาะขันธ์'),
(7594, 'ควนหนองหงษ์'),
(7595, 'เขาพระทอง'),
(7596, 'นางหลง'),
(7599, 'ท่าศาลา'),
(7600, 'กลาย'),
(7601, 'ท่าขึ้น'),
(7602, 'หัวตะพาน'),
(7604, 'สระแก้ว'),
(7605, 'โมคลาน'),
(7607, 'ไทยบุรี'),
(7608, 'ดอนตะโก'),
(7611, 'โพธิ์ทอง'),
(7614, 'ชะมาย'),
(7615, 'หนองหงส์'),
(7616, 'ควนกรด'),
(7617, 'นาไม้ไผ่'),
(7618, 'นาหลวงเสน'),
(7619, 'เขาโร'),
(7620, 'กะปาง'),
(7621, 'ที่วัง'),
(7622, 'น้ำตก'),
(7623, 'ถ้ำใหญ่'),
(7632, 'นาบอน'),
(7633, 'ทุ่งสง'),
(7634, 'แก้วแสน'),
(7636, 'ทุ่งสัง'),
(7638, 'กุแหระ'),
(7640, 'บางรูป'),
(7641, 'กรุงหยัน'),
(7642, 'ปากพนัง'),
(7644, 'ป่าระกำ'),
(7645, 'ชะเมา'),
(7646, 'คลองกระบือ'),
(7647, 'เกาะทวด'),
(7649, 'หูล่อง'),
(7650, 'แหลมตะลุมพุก'),
(7651, 'ปากพนังฝั่งตะวันตก'),
(7652, 'บางศาลา'),
(7653, 'บางพระ'),
(7654, 'บางตะพง'),
(7655, 'ปากพนังฝั่งตะวันออก'),
(7656, 'บ้านเพิง'),
(7657, 'ท่าพยา'),
(7659, 'ขนาบนาก'),
(7660, 'ร่อนพิบูลย์'),
(7661, 'หินตก'),
(7662, 'เสาธง'),
(7663, 'ควนเกย'),
(7664, 'ควนพัง'),
(7665, 'ควนชุม'),
(7667, 'ทางพูน*'),
(7671, 'สิชล'),
(7672, 'ทุ่งปรัง'),
(7674, 'เสาเภา'),
(7675, 'เปลี่ยน'),
(7676, 'สี่ขีด'),
(7677, 'เทพราช'),
(7678, 'เขาน้อย'),
(7679, 'ทุ่งใส'),
(7680, 'ขนอม'),
(7681, 'ควนทอง'),
(7682, 'ท้องเนียน'),
(7683, 'หัวไทร'),
(7684, 'หน้าสตน'),
(7686, 'แหลม'),
(7687, 'เขาพังไกร'),
(7688, 'บ้านราม'),
(7689, 'บางนบ'),
(7690, 'ท่าซอม'),
(7691, 'ควนชะลิก'),
(7692, 'รามแก้ว'),
(7693, 'เกาะเพชร'),
(7694, 'บางขัน'),
(7695, 'บ้านลำนาว'),
(7696, 'วังหิน'),
(7697, 'บ้านนิคม'),
(7698, 'ถ้ำพรรณรา'),
(7699, 'คลองเส'),
(7700, 'ดุสิต'),
(7701, 'บ้านควนมุด'),
(7702, 'บ้านชะอวด'),
(7703, 'ควนหนองคว้า'),
(7704, 'ทุ่งโพธิ์'),
(7705, 'นาหมอบุญ'),
(7706, 'สามตำบล'),
(7707, 'นาพรุ'),
(7709, 'ท้ายสำเภา'),
(7711, 'นบพิตำ'),
(7712, 'กรุงชิง'),
(7713, 'กะหรอ'),
(7714, 'นาเหรง'),
(7715, 'ช้างกลาง'),
(7716, 'หลักช้าง'),
(7717, 'สวนขัน'),
(7718, 'เชียรเขา'),
(7719, 'ดอนตรอ'),
(7720, 'สวนหลวง'),
(7721, 'ทางพูน'),
(7723, 'กระบี่ใหญ่'),
(7724, 'กระบี่น้อย'),
(7726, 'เขาคราม'),
(7727, 'เขาทอง'),
(7732, 'ทับปริก'),
(7736, 'ไสไทย'),
(7737, 'อ่าวนาง'),
(7738, 'หนองทะเล'),
(7739, 'คลองประสงค์'),
(7740, 'เกาะศรีบายอ'),
(7748, 'เขาพนม'),
(7749, 'เขาดิน'),
(7751, 'พรุเตียว'),
(7752, 'หน้าเขา'),
(7753, 'โคกหาร'),
(7754, 'เกาะลันตาใหญ่'),
(7755, 'เกาะลันตาน้อย'),
(7756, 'เกาะกลาง'),
(7757, 'คลองยาง'),
(7758, 'ศาลาด่าน'),
(7759, 'คลองท่อมใต้'),
(7760, 'คลองท่อมเหนือ'),
(7761, 'คลองพน'),
(7763, 'ห้วยน้ำขาว'),
(7764, 'พรุดินนา'),
(7765, 'เพหลา'),
(7766, 'ลำทับ*'),
(7767, 'อ่าวลึกใต้'),
(7768, 'แหลมสัก'),
(7769, 'นาเหนือ'),
(7770, 'คลองหิน'),
(7771, 'อ่าวลึกน้อย'),
(7772, 'อ่าวลึกเหนือ'),
(7773, 'เขาใหญ่'),
(7774, 'คลองยา'),
(7779, 'ปลายพระยา'),
(7780, 'เขาเขน'),
(7781, 'เขาต่อ'),
(7782, 'คีรีวง'),
(7783, 'ลำทับ'),
(7784, 'ดินอุดม'),
(7785, 'ทุ่งไทรทอง'),
(7786, 'ดินแดง'),
(7787, 'เหนือคลอง'),
(7788, 'เกาะศรีบอยา'),
(7789, 'คลองขนาน'),
(7790, 'คลองเขม้า'),
(7793, 'ปกาสัย'),
(7794, 'ห้วยยูง'),
(7795, 'ท้ายช้าง'),
(7796, 'นบปริง'),
(7797, 'ถ้ำน้ำผุด'),
(7798, 'บางเตย'),
(7801, 'ทุ่งคาโงก'),
(7802, 'เกาะปันหยี'),
(7803, 'ป่ากอ'),
(7806, 'เกาะยาวน้อย'),
(7807, 'เกาะยาวใหญ่'),
(7808, 'พรุใน'),
(7809, 'กะปง'),
(7810, 'ท่านา'),
(7811, 'เหมาะ'),
(7812, 'เหล'),
(7813, 'รมณีย์'),
(7814, 'ถ้ำ'),
(7815, 'กระโสม'),
(7816, 'กะไหล'),
(7817, 'ท่าอยู่'),
(7818, 'หล่อยูง'),
(7819, 'โคกกลอย'),
(7820, 'คลองเคียน'),
(7821, 'ตะกั่วป่า'),
(7822, 'บางนายสี'),
(7824, 'บางม่วง'),
(7825, 'ตำตัว'),
(7827, 'คึกคัก'),
(7829, 'คุระ'),
(7830, 'บางวัน'),
(7831, 'เกาะพระทอง'),
(7832, 'เกาะคอเขา'),
(7833, 'แม่นางขาว'),
(7834, 'ทับปุด'),
(7835, 'มะรุ่ย'),
(7836, 'บ่อแสน'),
(7837, 'ถ้ำทองหลาง'),
(7838, 'โคกเจริญ'),
(7840, 'ท้ายเหมือง'),
(7841, 'นาเตย'),
(7842, 'บางทอง'),
(7843, 'ทุ่งมะพร้าว'),
(7844, 'ลำภี'),
(7845, 'ลำแก่น'),
(7846, 'ตลาดใหญ่'),
(7847, 'ตลาดเหนือ'),
(7848, 'เกาะแก้ว'),
(7849, 'รัษฎา'),
(7850, 'วิชิต'),
(7851, 'ฉลอง'),
(7852, 'ราไวย์'),
(7853, 'กะรน'),
(7854, 'กะทู้'),
(7855, 'ป่าตอง'),
(7856, 'กมลา'),
(7857, 'เทพกระษัตรี'),
(7858, 'ศรีสุนทร'),
(7859, 'เชิงทะเล'),
(7860, 'ป่าคลอก'),
(7861, 'ไม้ขาว'),
(7863, 'ตลาด'),
(7864, 'มะขามเตี้ย'),
(7865, 'วัดประดู่'),
(7866, 'ขุนทะเล'),
(7867, 'บางใบไม้'),
(7868, 'บางชนะ'),
(7870, 'บางไทร'),
(7871, 'บางโพธิ์'),
(7873, 'คลองฉนาก'),
(7874, 'ท่าทองใหม่'),
(7875, 'ท่าทอง'),
(7876, 'กะแดะ'),
(7877, 'ทุ่งกง'),
(7879, 'ช้างซ้าย'),
(7880, 'พลายวาส'),
(7881, 'ป่าร่อน'),
(7882, 'ตะเคียนทอง'),
(7883, 'ช้างขวา'),
(7884, 'ท่าอุแท'),
(7885, 'ทุ่งรัง'),
(7886, 'คลองสระ'),
(7887, 'ดอนสัก'),
(7888, 'ชลคราม'),
(7889, 'ไชยคราม'),
(7892, 'ลิปะน้อย'),
(7893, 'ตลิ่งงาม'),
(7894, 'หน้าเมือง'),
(7895, 'มะเร็ต'),
(7896, 'บ่อผุด'),
(7897, 'แม่น้ำ'),
(7898, 'เกาะพะงัน'),
(7899, 'บ้านใต้'),
(7901, 'ตลาดไชยา'),
(7902, 'พุมเรียง'),
(7903, 'เลม็ด'),
(7904, 'เวียง'),
(7905, 'ทุ่ง'),
(7906, 'ป่าเว'),
(7907, 'ตะกรบ'),
(7908, 'โมถ่าย'),
(7909, 'ปากหมาก'),
(7910, 'ท่าชนะ'),
(7911, 'สมอทอง'),
(7912, 'ประสงค์'),
(7913, 'คันธุลี'),
(7914, 'วัง'),
(7915, 'คลองพา'),
(7916, 'ท่าขนอน'),
(7917, 'บ้านยาง'),
(7918, 'น้ำหัก'),
(7921, 'กะเปา'),
(7922, 'ท่ากระดาน'),
(7923, 'ย่านยาว'),
(7924, 'ถ้ำสิงขร'),
(7925, 'บ้านทำเนียบ'),
(7927, 'เขาวง'),
(7928, 'พระแสง'),
(7929, 'พรุไทย'),
(7930, 'เขาพัง'),
(7931, 'ไกรสร'),
(7932, 'พนม'),
(7933, 'ต้นยวน'),
(7934, 'คลองศก'),
(7935, 'พลูเถื่อน'),
(7936, 'พังกาญจน์'),
(7937, 'คลองชะอุ่น'),
(7938, 'ท่าฉาง'),
(7939, 'ท่าเคย'),
(7941, 'เขาถ่าน'),
(7942, 'เสวียด'),
(7943, 'ปากฉลุย'),
(7944, 'นาสาร'),
(7945, 'พรุพี'),
(7946, 'ทุ่งเตา'),
(7947, 'ลำพูน'),
(7948, 'ท่าชี'),
(7949, 'ควนศรี'),
(7950, 'ควนสุบรรณ'),
(7951, 'คลองปราบ'),
(7952, 'น้ำพุ'),
(7953, 'ทุ่งเตาใหม่'),
(7954, 'เพิ่มพูนทรัพย์'),
(7959, 'ทรัพย์ทวี'),
(7960, 'นาใต้'),
(7961, 'เคียนซา'),
(7962, 'พ่วงพรมคร'),
(7963, 'เขาตอก'),
(7964, 'อรัญคามวารี'),
(7965, 'บ้านเสด็จ'),
(7966, 'เวียงสระ'),
(7967, 'บ้านส้อง'),
(7968, 'คลองฉนวน'),
(7970, 'เขานิพันธ์'),
(7971, 'อิปัน'),
(7972, 'สินปุน'),
(7973, 'บางสวรรค์'),
(7974, 'ไทรขึง'),
(7975, 'สินเจริญ'),
(7976, 'ไทรโสภา'),
(7977, 'สาคู'),
(7981, 'ท่าสะท้อน'),
(7982, 'ลีเล็ด'),
(7983, 'บางมะเดื่อ'),
(7984, 'บางเดือน'),
(7985, 'ท่าโรงช้าง'),
(7986, 'กรูด'),
(7987, 'พุนพิน'),
(7988, 'บางงอน'),
(7989, 'ศรีวิชัย'),
(7990, 'น้ำรอบ'),
(7991, 'มะลวน'),
(7992, 'หัวเตย'),
(7993, 'หนองไทร'),
(7994, 'เขาหัวควาย'),
(7995, 'ตะปาน'),
(7996, 'คลองไทร'),
(7997, 'สองแพรก'),
(7999, 'คลองน้อย'),
(8001, 'ตะกุกใต้'),
(8002, 'ตะกุกเหนือ'),
(8003, 'เขานิเวศน์'),
(8004, 'ราชกรูด'),
(8005, 'หงาว'),
(8006, 'บางริ้น'),
(8008, 'บางนอน'),
(8009, 'หาดส้มแป้น'),
(8010, 'ทรายแดง'),
(8011, 'เกาะพยาม'),
(8012, 'ละอุ่นใต้'),
(8013, 'ละอุ่นเหนือ'),
(8014, 'บางพระใต้'),
(8015, 'บางพระเหนือ'),
(8016, 'บางแก้ว'),
(8017, 'ในวงเหนือ'),
(8018, 'ในวงใต้'),
(8019, 'ม่วงกลวง'),
(8020, 'กะเปอร์'),
(8021, 'เชี่ยวเหลียง'),
(8023, 'บางหิน'),
(8026, 'น้ำจืด'),
(8027, 'น้ำจืดน้อย'),
(8028, 'มะมุ'),
(8029, 'ปากจั่น'),
(8030, 'ลำเลียง'),
(8031, 'จ.ป.ร.'),
(8032, 'บางใหญ่'),
(8033, 'นาคา'),
(8034, 'กำพวน'),
(8035, 'ท่าตะเภา'),
(8037, 'ท่ายาง'),
(8039, 'นาทุ่ง'),
(8040, 'นาชะอัง'),
(8041, 'ตากแดด'),
(8042, 'บางลึก'),
(8043, 'หาดพันไกร'),
(8044, 'วังไผ่'),
(8047, 'ขุนกระทิง'),
(8048, 'ทุ่งคา'),
(8049, 'วิสัยเหนือ'),
(8050, 'หาดทรายรี'),
(8051, 'ถ้ำสิงห์'),
(8052, 'ท่าแซะ'),
(8053, 'คุริง'),
(8054, 'สลุย'),
(8055, 'นากระตาม'),
(8056, 'รับร่อ'),
(8058, 'หงษ์เจริญ'),
(8059, 'หินแก้ว'),
(8060, 'ทรัพย์อนันต์'),
(8061, 'สองพี่น้อง'),
(8062, 'บางสน'),
(8063, 'ทะเลทรัพย์'),
(8064, 'สะพลี'),
(8065, 'ชุมโค'),
(8066, 'ดอนยาง'),
(8067, 'ปากคลอง'),
(8068, 'เขาไชยราช'),
(8069, 'หลังสวน'),
(8070, 'ขันเงิน'),
(8071, 'ท่ามะพลา'),
(8072, 'นาขา'),
(8073, 'นาพญา'),
(8075, 'บางมะพร้าว'),
(8076, 'บางน้ำจืด'),
(8078, 'พ้อแดง'),
(8079, 'แหลมทราย'),
(8080, 'วังตะกอ'),
(8081, 'หาดยาย'),
(8082, 'ละแม'),
(8083, 'ทุ่งหลวง'),
(8084, 'สวนแตง'),
(8085, 'ทุ่งคาวัด'),
(8086, 'พะโต๊ะ'),
(8087, 'ปากทรง'),
(8088, 'ปังหวาน'),
(8089, 'พระรักษ์'),
(8090, 'นาโพธิ์'),
(8091, 'สวี'),
(8092, 'ทุ่งระยะ'),
(8094, 'ปากแพรก'),
(8095, 'ด่านสวี'),
(8096, 'ครน'),
(8097, 'วิสัยใต้'),
(8098, 'นาสัก'),
(8099, 'เขาทะลุ'),
(8100, 'เขาค่าย'),
(8101, 'ปากตะโก'),
(8102, 'ทุ่งตะไคร'),
(8103, 'ตะโก'),
(8104, 'ช่องไม้แก้ว'),
(8105, 'บ่อยาง'),
(8106, 'เขารูปช้าง'),
(8107, 'เกาะแต้ว'),
(8108, 'พะวง'),
(8109, 'ทุ่งหวัง'),
(8110, 'เกาะยอ'),
(8124, 'ชลเจริญ'),
(8134, 'จะทิ้งพระ'),
(8135, 'กระดังงา'),
(8136, 'สนามชัย'),
(8137, 'ดีหลวง'),
(8139, 'คลองรี'),
(8140, 'คูขุด'),
(8141, 'ท่าหิน'),
(8142, 'วัดจันทร์'),
(8143, 'บ่อแดง'),
(8144, 'บ่อดาน'),
(8146, 'ป่าชิง'),
(8147, 'สะพานไม้แก่น'),
(8149, 'นาหว้า'),
(8150, 'นาทับ'),
(8151, 'น้ำขาว'),
(8152, 'ขุนตัดหวาย'),
(8153, 'ท่าหมอไทร'),
(8154, 'จะโหนง'),
(8155, 'คู'),
(8156, 'แค'),
(8157, 'คลองเปียะ'),
(8159, 'นาทวี'),
(8160, 'ฉาง'),
(8161, 'นาหมอศรี'),
(8162, 'คลองทราย'),
(8163, 'ปลักหนู'),
(8164, 'ท่าประดู่'),
(8165, 'สะท้อน'),
(8166, 'ทับช้าง'),
(8167, 'ประกอบ'),
(8168, 'คลองกวาง'),
(8169, 'เทพา'),
(8170, 'ปากบาง'),
(8171, 'เกาะสะบ้า'),
(8172, 'ลำไพล'),
(8173, 'ท่าม่วง'),
(8174, 'วังใหญ่'),
(8175, 'สะกอม'),
(8176, 'สะบ้าย้อย'),
(8177, 'ทุ่งพอ'),
(8178, 'เปียน'),
(8179, 'บ้านโหนด'),
(8180, 'จะแหน'),
(8181, 'คูหา'),
(8182, 'เขาแดง'),
(8183, 'บาโหย'),
(8184, 'ธารคีรี'),
(8185, 'ระโนด'),
(8186, 'คลองแดน'),
(8187, 'ตะเครียะ'),
(8188, 'ท่าบอน'),
(8189, 'บ้านใหม่'),
(8190, 'บ่อตรุ'),
(8191, 'ปากแตระ'),
(8192, 'พังยาง'),
(8193, 'ระวะ'),
(8194, 'วัดสน'),
(8195, 'บ้านขาว'),
(8196, 'แดนสงวน'),
(8200, 'เกาะใหญ่'),
(8201, 'โรง'),
(8202, 'เชิงแส'),
(8203, 'กระแสสินธุ์'),
(8204, 'กำแพงเพชร'),
(8205, 'ท่าชะมวง'),
(8206, 'คูหาใต้'),
(8207, 'ควนรู'),
(8212, 'เขาพระ'),
(8213, 'บางเหรี่ยง'),
(8217, 'สะเดา'),
(8218, 'ปริก'),
(8219, 'พังลา'),
(8220, 'สำนักแต้ว'),
(8221, 'ทุ่งหมอ'),
(8222, 'ท่าโพธิ์'),
(8223, 'ปาดังเบซาร์'),
(8224, 'สำนักขาม'),
(8225, 'เขามีเกียรติ'),
(8226, 'หาดใหญ่'),
(8227, 'ควนลัง'),
(8228, 'คูเต่า'),
(8229, 'คอหงส์'),
(8230, 'คลองแห'),
(8231, 'คลองหอยโข่ง*'),
(8232, 'คลองอู่ตะเภา'),
(8234, 'ทุ่งลาน*'),
(8235, 'ท่าช้าง*'),
(8236, 'ทุ่งใหญ่'),
(8237, 'ทุ่งตำเสา'),
(8239, 'น้ำน้อย'),
(8241, 'บ้านพรุ'),
(8243, 'พะตง'),
(8256, 'นาหม่อม'),
(8257, 'พิจิตร'),
(8258, 'ทุ่งขมิ้น'),
(8259, 'คลองหรัง'),
(8260, 'รัตภูมิ'),
(8261, 'ควนโส'),
(8262, 'ห้วยลึก'),
(8263, 'บางเหรียง'),
(8264, 'บางกล่ำ'),
(8265, 'ท่าช้าง'),
(8266, 'แม่ทอม'),
(8267, 'บ้านหาร'),
(8268, 'ชิงโค'),
(8269, 'สทิงหม้อ'),
(8270, 'ทำนบ'),
(8271, 'รำแดง'),
(8272, 'วัดขนุน'),
(8273, 'ชะแล้'),
(8274, 'ปากรอ'),
(8275, 'ป่าขาด'),
(8276, 'หัวเขา'),
(8277, 'บางเขียด'),
(8278, 'ม่วงงาม'),
(8279, 'คลองหอยโข่ง'),
(8280, 'ทุ่งลาน'),
(8282, 'คลองหลา'),
(8283, 'สำนักขาม*'),
(8284, 'พิมาน'),
(8285, 'คลองขุด'),
(8286, 'ควนขัน'),
(8288, 'ฉลุง'),
(8289, 'เกาะสาหร่าย'),
(8290, 'ตันหยงโป'),
(8291, 'เจ๊ะบิลัง'),
(8292, 'ตำมะลัง'),
(8293, 'ปูยู'),
(8294, 'ควนโพธิ์'),
(8295, 'เกตรี'),
(8297, 'ควนโดน'),
(8298, 'ควนสตอ'),
(8300, 'วังประจัน'),
(8301, 'ทุ่งนุ้ย'),
(8302, 'ควนกาหลง'),
(8303, 'อุใดเจริญ'),
(8304, 'นิคมพัฒนา*'),
(8305, 'ปาล์มพัฒนา*'),
(8306, 'ท่าแพ'),
(8307, 'แป-ระ'),
(8308, 'สาคร'),
(8310, 'กำแพง'),
(8311, 'ละงู'),
(8313, 'ปากน้ำ'),
(8315, 'แหลมสน'),
(8316, 'ทุ่งหว้า'),
(8317, 'นาทอน'),
(8318, 'ขอนคลาน'),
(8319, 'ทุ่งบุหลัง'),
(8320, 'ป่าแก่บ่อหิน'),
(8321, 'ปาล์มพัฒนา'),
(8322, 'นิคมพัฒนา'),
(8323, 'ทับเที่ยง'),
(8326, 'นาพละ'),
(8327, 'บ้านควน'),
(8328, 'นาบินหลา'),
(8329, 'ควนปริง'),
(8330, 'นาโยงใต้'),
(8331, 'บางรัก'),
(8332, 'โคกหล่อ'),
(8335, 'นาโต๊ะหมิง'),
(8336, 'หนองตรุด'),
(8337, 'น้ำผุด'),
(8339, 'นาตาล่วง'),
(8340, 'บ้านโพธิ์'),
(8341, 'นาท่ามเหนือ'),
(8342, 'นาท่ามใต้'),
(8350, 'กันตัง'),
(8351, 'ควนธานี'),
(8352, 'บางหมาก'),
(8353, 'บางเป้า'),
(8354, 'วังวน'),
(8355, 'กันตังใต้'),
(8356, 'โคกยาง'),
(8357, 'คลองลุ'),
(8358, 'ย่านซื่อ'),
(8359, 'บ่อน้ำร้อน'),
(8360, 'บางสัก'),
(8361, 'นาเกลือ'),
(8362, 'เกาะลิบง'),
(8363, 'คลองชีล้อม'),
(8364, 'ย่านตาขาว'),
(8365, 'หนองบ่อ'),
(8366, 'นาชุมเห็ด'),
(8367, 'ในควน'),
(8368, 'โพรงจระเข้'),
(8369, 'ทุ่งกระบือ'),
(8370, 'ทุ่งค่าย'),
(8371, 'เกาะเปียะ'),
(8373, 'ทุ่งยาว'),
(8374, 'ปะเหลียน'),
(8375, 'บางด้วน'),
(8379, 'บ้านหวี'),
(8380, 'สุโสะ'),
(8381, 'ลิพัง'),
(8382, 'เกาะสุกร'),
(8383, 'ท่าพญา'),
(8384, 'แหลมสอม'),
(8385, 'บ่อหิน'),
(8386, 'เขาไม้แก้ว'),
(8387, 'กะลาเส'),
(8388, 'ไม้ฝาด'),
(8389, 'นาเมืองเพชร'),
(8391, 'สิเกา'),
(8395, 'ห้วยยอด'),
(8396, 'หนองช้างแล่น'),
(8399, 'บางดี'),
(8400, 'บางกุ้ง'),
(8401, 'เขากอบ'),
(8402, 'เขาขาว'),
(8403, 'เขาปูน'),
(8404, 'ปากแจ่ม'),
(8405, 'ปากคม'),
(8408, 'ท่างิ้ว'),
(8409, 'ลำภูรา'),
(8410, 'นาวง'),
(8411, 'ห้วยนาง'),
(8413, 'ในเตา'),
(8414, 'ทุ่งต่อ'),
(8415, 'วังคีรี'),
(8420, 'เขาวิเศษ'),
(8421, 'วังมะปราง'),
(8422, 'อ่าวตง'),
(8423, 'ท่าสะบ้า'),
(8424, 'วังมะปรางเหนือ'),
(8425, 'นาโยงเหนือ'),
(8426, 'ช่อง'),
(8427, 'ละมอ'),
(8428, 'โคกสะบ้า'),
(8429, 'นาหมื่นศรี'),
(8430, 'นาข้าวเสีย'),
(8431, 'ควนเมา'),
(8432, 'คลองปาง'),
(8434, 'หนองปรือ'),
(8435, 'เขาไพร'),
(8436, 'หาดสำราญ'),
(8437, 'บ้าหวี'),
(8438, 'ตะเสะ'),
(8439, 'คูหาสวรรค์'),
(8440, 'บ้านนา*'),
(8441, 'เขาเจียก'),
(8442, 'ท่ามิหรำ'),
(8443, 'โคกชะงาย'),
(8444, 'นาท่อม'),
(8445, 'ปรางหมู่'),
(8446, 'ท่าแค'),
(8447, 'ลำปำ'),
(8448, 'ตำนาน'),
(8449, 'ควนมะพร้าว'),
(8450, 'ร่มเมือง'),
(8451, 'ชัยบุรี'),
(8452, 'นาโหนด'),
(8453, 'พญาขัน'),
(8454, 'ลำสินธุ์*'),
(8455, 'อ่างทอง*'),
(8456, 'ชุมพล*'),
(8457, 'กงหรา'),
(8458, 'ชะรัด'),
(8459, 'คลองเฉลิม'),
(8460, 'คลองทรายขาว'),
(8461, 'สมหวัง'),
(8462, 'เขาชัยสน'),
(8466, 'จองถนน'),
(8467, 'หานโพธิ์'),
(8468, 'โคกม่วง'),
(8475, 'แม่ขรี'),
(8476, 'ตะโหมด'),
(8477, 'คลองใหญ่'),
(8478, 'ควนขนุน'),
(8479, 'ทะเลน้อย'),
(8481, 'นาขยาด'),
(8482, 'พนมวังก์'),
(8483, 'แหลมโตนด'),
(8485, 'ปันแต'),
(8486, 'โตนดด้วน');
INSERT INTO `subdisttb` (`SUBDIST_ID`, `SUBDIST_NAME`) VALUES
(8488, 'มะกอกเหนือ'),
(8489, 'พนางตุง'),
(8490, 'ชะมวง'),
(8493, 'แพรกหา'),
(8495, 'คำเตย'),
(8496, 'ส้มผ่อ'),
(8498, 'ปากพะยูน'),
(8499, 'ดอนประดู่'),
(8500, 'เกาะนางคำ'),
(8501, 'เกาะหมาก'),
(8502, 'ฝาละมี'),
(8503, 'หารเทา'),
(8505, 'หนองแซง'),
(8508, 'เขาย่า'),
(8509, 'เขาปู่'),
(8510, 'ตะแพน'),
(8512, 'โคกทราย'),
(8513, 'หนองธง'),
(8514, 'ทุ่งนารี'),
(8515, 'วังใหม่'),
(8516, 'ท่ามะเดื่อ'),
(8517, 'นาปะขอ'),
(8518, 'โคกสัก'),
(8519, 'ป่าพะยอม'),
(8520, 'ลานข่อย'),
(8521, 'เกาะเต่า'),
(8522, 'บ้านพร้าว'),
(8523, 'ชุมพล'),
(8524, 'บ้านนา'),
(8525, 'อ่างทอง'),
(8526, 'ลำสินธุ์'),
(8527, 'สะบารัง'),
(8528, 'อาเนาะรู'),
(8529, 'จะบังติกอ'),
(8530, 'บานา'),
(8531, 'ตันหยงลุโละ'),
(8532, 'คลองมานิง'),
(8533, 'กะมิยอ'),
(8534, 'บาราโหม'),
(8535, 'ปะกาฮะรัง'),
(8536, 'รูสะมิแล'),
(8537, 'ตะลุโบะ'),
(8538, 'บาราเฮาะ'),
(8539, 'ปุยุด'),
(8540, 'โคกโพธิ์'),
(8541, 'มะกรูด'),
(8542, 'บางโกระ'),
(8543, 'ป่าบอน'),
(8544, 'ทรายขาว'),
(8545, 'นาประดู่'),
(8546, 'ปากล่อ'),
(8547, 'ทุ่งพลา'),
(8550, 'ท่าเรือ'),
(8552, 'นาเกตุ'),
(8553, 'ควนโนรี'),
(8554, 'ช้างให้ตก'),
(8555, 'เกาะเปาะ'),
(8556, 'คอลอตันหยง'),
(8557, 'ดอนรัก'),
(8558, 'ดาโต๊ะ'),
(8559, 'ตุยง'),
(8560, 'ท่ากำชำ'),
(8561, 'บ่อทอง'),
(8562, 'บางเขา'),
(8563, 'บางตาวา'),
(8564, 'ปุโละปุโย'),
(8565, 'ยาบี'),
(8566, 'ลิปะสะโง'),
(8567, 'ปะนาเระ'),
(8568, 'ท่าข้าม'),
(8569, 'บ้านนอก'),
(8570, 'ดอน'),
(8571, 'ควน'),
(8572, 'ท่าน้ำ'),
(8573, 'คอกกระบือ'),
(8574, 'พ่อมิ่ง'),
(8575, 'บ้านกลาง'),
(8576, 'บ้านน้ำบ่อ'),
(8577, 'มายอ'),
(8578, 'ถนน'),
(8579, 'ตรัง'),
(8580, 'กระหวะ'),
(8581, 'ลุโบะยิไร'),
(8582, 'ลางา'),
(8583, 'กระเสาะ'),
(8584, 'เกาะจัน'),
(8585, 'ปะโด'),
(8586, 'สาคอบน'),
(8587, 'สาคอใต้'),
(8588, 'สะกำ'),
(8589, 'ปานัน'),
(8590, 'ตะโละแมะนา'),
(8591, 'พิเทน'),
(8592, 'น้ำดำ'),
(8593, 'ปากู'),
(8594, 'ตะลุบัน'),
(8595, 'ตะบิ้ง'),
(8596, 'ปะเสยะวอ'),
(8597, 'บางเก่า'),
(8598, 'บือเระ'),
(8599, 'เตราะบอน'),
(8600, 'กะดุนง'),
(8602, 'มะนังดาลำ'),
(8603, 'แป้น'),
(8604, 'ทุ่งคล้า'),
(8605, 'ไทรทอง'),
(8606, 'ไม้แก่น'),
(8607, 'ตะโละไกรทอง'),
(8608, 'ดอนทราย'),
(8609, 'ตะโละ'),
(8610, 'ตะโละกาโปร์'),
(8611, 'ตันหยงดาลอ'),
(8612, 'ตันหยงจึงงา'),
(8613, 'ตอหลัง'),
(8614, 'ตาแกะ'),
(8615, 'ตาลีอายร์'),
(8616, 'ยามู'),
(8617, 'บางปู'),
(8618, 'หนองแรต'),
(8619, 'ปิยามุมัง'),
(8620, 'ปุลากง'),
(8621, 'บาโลย'),
(8622, 'สาบัน'),
(8623, 'มะนังยง'),
(8624, 'ราตาปันยัง'),
(8625, 'จะรัง'),
(8626, 'แหลมโพธิ์'),
(8627, 'ยะรัง'),
(8628, 'สะดาวา'),
(8629, 'ประจัน'),
(8630, 'สะนอ'),
(8631, 'ระแว้ง'),
(8632, 'ปิตูมุดี'),
(8633, 'วัด'),
(8634, 'กระโด'),
(8635, 'คลองใหม่'),
(8636, 'เมาะมาวี'),
(8637, 'กอลำ'),
(8638, 'เขาตูม'),
(8639, 'กะรุบี'),
(8640, 'ตะโละดือรามัน'),
(8641, 'ปล่องหอย'),
(8642, 'แม่ลาน'),
(8643, 'ม่วงเตี้ย'),
(8644, 'ป่าไร่'),
(8645, 'สะเตง'),
(8646, 'บุดี'),
(8647, 'ยุโป'),
(8648, 'ลิดล'),
(8650, 'ยะลา'),
(8652, 'ท่าสาป'),
(8653, 'ลำใหม่'),
(8654, 'หน้าถ้ำ'),
(8655, 'ลำพะยา'),
(8656, 'เปาะเส้ง'),
(8659, 'บันนังสาเรง'),
(8660, 'สะเตงนอก'),
(8662, 'ตาเซะ'),
(8663, 'เบตง'),
(8664, 'ยะรม'),
(8665, 'ตาเนาะแมเราะ'),
(8666, 'อัยเยอร์เวง'),
(8667, 'ธารน้ำทิพย์'),
(8668, 'บันนังสตา'),
(8670, 'ตาเนาะปูเต๊ะ'),
(8671, 'ถ้ำทะลุ'),
(8672, 'ตลิ่งชัน'),
(8673, 'เขื่อนบางลาง'),
(8677, 'ธารโต'),
(8678, 'บ้านแหร'),
(8679, 'แม่หวาด'),
(8680, 'คีรีเขต'),
(8681, 'ยะหา'),
(8682, 'ละแอ'),
(8683, 'ปะแต'),
(8684, 'บาโร๊ะ'),
(8686, 'ตาชี'),
(8687, 'บาโงยซิแน'),
(8688, 'กาตอง'),
(8691, 'กายูบอเกาะ'),
(8692, 'กาลูปัง'),
(8693, 'กาลอ'),
(8694, 'กอตอตือร๊ะ'),
(8695, 'โกตาบารู'),
(8696, 'เกะรอ'),
(8697, 'จะกว๊ะ'),
(8698, 'ท่าธง'),
(8699, 'เนินงาม'),
(8700, 'บาลอ'),
(8701, 'บาโงย'),
(8702, 'บือมัง'),
(8703, 'ยะต๊ะ'),
(8704, 'วังพญา'),
(8705, 'อาซ่อง'),
(8706, 'ตะโล๊ะหะลอ'),
(8707, 'กาบัง'),
(8708, 'บาละ'),
(8709, 'กรงปินัง'),
(8710, 'สะเอะ'),
(8711, 'ห้วยกระทิง'),
(8712, 'ปุโรง'),
(8713, 'บางนาค'),
(8714, 'ลำภู'),
(8715, 'มะนังตายอ'),
(8716, 'บางปอ'),
(8717, 'กะลุวอ'),
(8718, 'กะลุวอเหนือ'),
(8719, 'โคกเคียน'),
(8720, 'เจ๊ะเห'),
(8721, 'ไพรวัน'),
(8722, 'พร่อน'),
(8723, 'ศาลาใหม่'),
(8724, 'บางขุนทอง'),
(8725, 'เกาะสะท้อน'),
(8726, 'นานาค'),
(8727, 'โฆษิต'),
(8728, 'บาเจาะ'),
(8729, 'ลุโบะสาวอ'),
(8730, 'กาเยาะมาตี'),
(8731, 'ปะลุกาสาเมาะ'),
(8732, 'บาเระเหนือ'),
(8733, 'บาเระใต้'),
(8734, 'ยี่งอ'),
(8735, 'ละหาร'),
(8736, 'จอเบาะ'),
(8737, 'ลุโบะบายะ'),
(8738, 'ลุโบะบือซา'),
(8739, 'ตะปอเยาะ'),
(8740, 'ตันหยงมัส'),
(8741, 'ตันหยงลิมอ'),
(8743, 'มะรือโบตะวันออก'),
(8745, 'บองอ'),
(8746, 'กาลิซา'),
(8747, 'บาโงสะโต'),
(8748, 'เฉลิม'),
(8749, 'มะรือโบตก'),
(8752, 'รือเสาะ'),
(8753, 'สาวอ'),
(8754, 'เรียง'),
(8755, 'สามัคคี'),
(8756, 'บาตง'),
(8757, 'ลาโละ'),
(8758, 'รือเสาะออก'),
(8759, 'โคกสะตอ'),
(8760, 'สุวารี'),
(8763, 'ซากอ'),
(8764, 'ตะมะยูง'),
(8765, 'ศรีสาคร'),
(8766, 'เชิงคีรี'),
(8767, 'กาหลง'),
(8768, 'ศรีบรรพต'),
(8769, 'แว้ง'),
(8770, 'กายูคละ'),
(8771, 'ฆอเลาะ'),
(8772, 'โละจูด'),
(8773, 'แม่ดง'),
(8774, 'เอราวัณ'),
(8775, 'มาโม'),
(8776, 'มาโมง'),
(8777, 'สุคิริน'),
(8778, 'เกียร์'),
(8779, 'ภูเขาทอง'),
(8780, 'ร่มไทร'),
(8781, 'สุไหงโก-ลก'),
(8782, 'ปาเสมัส'),
(8783, 'มูโนะ'),
(8784, 'ปูโยะ'),
(8785, 'ปะลุรู'),
(8786, 'สุไหงปาดี'),
(8787, 'โต๊ะเด็ง'),
(8788, 'สากอ'),
(8789, 'ริโก๋'),
(8790, 'กาวะ'),
(8791, 'จะแนะ'),
(8792, 'ดุซงญอ'),
(8793, 'ผดุงมาตร'),
(8794, 'ช้างเผือก'),
(8795, 'จวบ'),
(8796, 'บูกิต'),
(8797, 'มะรือโบออก'),
(8798, 'คำนาดี'),
(8800, 'ไคสี'),
(8801, 'ชัยพร'),
(8802, 'นาสวรรค์'),
(8803, 'โนนสมบูรณ์'),
(8804, 'บึงกาฬ'),
(8805, 'โป่งเปื่อย'),
(8806, 'วิศิษฐ์'),
(8807, 'หนองเข็ง'),
(8808, 'หนองเลิง'),
(8809, 'หอคำ'),
(8810, 'ซาง'),
(8811, 'เซกา'),
(8812, 'ท่ากกแดง'),
(8813, 'ท่าสะอาด'),
(8814, 'น้ำจั้น'),
(8815, 'บ้านต้อง'),
(8816, 'ป่งไฮ'),
(8817, 'โสกก่าม'),
(8818, 'หนองทุ่ม'),
(8819, 'คำแก้ว'),
(8820, 'โซ่'),
(8821, 'ถ้ำเจริญ'),
(8822, 'บัวตูม'),
(8824, 'หนองพันทา'),
(8825, 'เหล่าทอง'),
(8826, 'ดอนหญ้านาง'),
(8827, 'ป่าแฝก'),
(8828, 'พรเจริญ'),
(8829, 'วังชมภู'),
(8830, 'ศรีชมภู'),
(8831, 'ศรีสำราญ'),
(8832, 'หนองหัวช้าง'),
(8833, 'ชุมภูพร'),
(8834, 'นาสะแบง'),
(8835, 'นาสิงห์'),
(8836, 'นาแสง'),
(8837, 'ศรีวิไล'),
(8838, 'ดงบัง'),
(8839, 'ท่าดอกคำ'),
(8840, 'บึงโขงหลง'),
(8841, 'โพธิ์หมากแข้ง'),
(8842, 'นากั้ง'),
(8843, 'นาดง'),
(8844, 'โนนศิลา'),
(8845, 'ปากคาด'),
(8846, 'สมสนุก'),
(8847, 'หนองยอง'),
(8848, 'โคกกว้าง'),
(8849, 'บุ่งคล้า'),
(8850, 'หนองเดิน');

--
-- Indexes for dumped tables
--

--
-- Indexes for table `disttb`
--
ALTER TABLE `disttb`
  ADD PRIMARY KEY (`DISTRICT_ID`);

--
-- Indexes for table `employeetb`
--
ALTER TABLE `employeetb`
  ADD PRIMARY KEY (`EM_ID`),
  ADD KEY `EM_DEPART` (`EM_DEPART`),
  ADD KEY `EM_FROM` (`EM_FROM`),
  ADD KEY `Major` (`Major`);

--
-- Indexes for table `em_from`
--
ALTER TABLE `em_from`
  ADD PRIMARY KEY (`EMID_FROM`);

--
-- Indexes for table `events`
--
ALTER TABLE `events`
  ADD PRIMARY KEY (`id`);

--
-- Indexes for table `facultytb`
--
ALTER TABLE `facultytb`
  ADD PRIMARY KEY (`facultytb`);

--
-- Indexes for table `formtb`
--
ALTER TABLE `formtb`
  ADD PRIMARY KEY (`FORM_ID`),
  ADD KEY `ST_FACULTS` (`ST_FACULTS`),
  ADD KEY `ST_MAJORS` (`ST_MAJORS`),
  ADD KEY `ST_PROGRAMS` (`ST_PROGRAMS`),
  ADD KEY `ST_SUBDIST` (`ST_SUBDIST`),
  ADD KEY `ST_DIST` (`ST_DIST`),
  ADD KEY `ST_PROVINCE` (`ST_PROVINCE`),
  ADD KEY `CURR_SUBDIST` (`CURR_SUBDIST`),
  ADD KEY `CURR_DIST` (`CURR_DIST`),
  ADD KEY `CURR_PROVINCE` (`CURR_PROVINCE`),
  ADD KEY `ST_GEN` (`ST_GEN`),
  ADD KEY `AD_ID` (`AD_ID`),
  ADD KEY `ST_ID` (`ST_ID`),
  ADD KEY `THEACHER_ID` (`ADVISOR_ID`),
  ADD KEY `REQ_STATUS` (`REQ_STATUS`),
  ADD KEY `COMISION_ID` (`DIRECTOR_ID`),
  ADD KEY `REQ_STATUS_DIRECTOR` (`REQ_STATUS_DIRECTOR`);

--
-- Indexes for table `givertb`
--
ALTER TABLE `givertb`
  ADD PRIMARY KEY (`GIVERID_`),
  ADD KEY `SCHOLAR_ID` (`SCHOLAR_ID`);

--
-- Indexes for table `majors`
--
ALTER TABLE `majors`
  ADD PRIMARY KEY (`ID_MAJOR`);

--
-- Indexes for table `old_scholarship`
--
ALTER TABLE `old_scholarship`
  ADD PRIMARY KEY (`OLD_ID`),
  ADD KEY `OLD_ST` (`OLD_FORM`);

--
-- Indexes for table `programtb`
--
ALTER TABLE `programtb`
  ADD PRIMARY KEY (`ID_PROGRAM`);

--
-- Indexes for table `provincetb`
--
ALTER TABLE `provincetb`
  ADD PRIMARY KEY (`PROVINCE_ID`);

--
-- Indexes for table `req_scholarship`
--
ALTER TABLE `req_scholarship`
  ADD PRIMARY KEY (`R_SCHOLAR_ID`),
  ADD KEY `R_GIVER` (`FROM_ID`),
  ADD KEY `R_ID` (`R_ID`),
  ADD KEY `BY` (`BY_GIVER`);

--
-- Indexes for table `req_status`
--
ALTER TABLE `req_status`
  ADD PRIMARY KEY (`REQSTATUS_ID`);

--
-- Indexes for table `scolartb`
--
ALTER TABLE `scolartb`
  ADD PRIMARY KEY (`SCHOLAR_ID`);

--
-- Indexes for table `statustb`
--
ALTER TABLE `statustb`
  ADD PRIMARY KEY (`STATUS_ID`);

--
-- Indexes for table `studenttb`
--
ALTER TABLE `studenttb`
  ADD PRIMARY KEY (`ST_ID`),
  ADD KEY `ST_STATUS` (`ST_STATUS`);

--
-- Indexes for table `subdisttb`
--
ALTER TABLE `subdisttb`
  ADD PRIMARY KEY (`SUBDIST_ID`);

--
-- AUTO_INCREMENT for dumped tables
--

--
-- AUTO_INCREMENT for table `disttb`
--
ALTER TABLE `disttb`
  MODIFY `DISTRICT_ID` int(5) NOT NULL AUTO_INCREMENT, AUTO_INCREMENT=1997;

--
-- AUTO_INCREMENT for table `employeetb`
--
ALTER TABLE `employeetb`
  MODIFY `EM_ID` int(6) NOT NULL AUTO_INCREMENT, AUTO_INCREMENT=52;

--
-- AUTO_INCREMENT for table `em_from`
--
ALTER TABLE `em_from`
  MODIFY `EMID_FROM` int(5) NOT NULL AUTO_INCREMENT, AUTO_INCREMENT=3;

--
-- AUTO_INCREMENT for table `events`
--
ALTER TABLE `events`
  MODIFY `id` int(11) NOT NULL AUTO_INCREMENT, AUTO_INCREMENT=88;

--
-- AUTO_INCREMENT for table `facultytb`
--
ALTER TABLE `facultytb`
  MODIFY `facultytb` int(3) NOT NULL AUTO_INCREMENT, AUTO_INCREMENT=5;

--
-- AUTO_INCREMENT for table `formtb`
--
ALTER TABLE `formtb`
  MODIFY `FORM_ID` int(13) NOT NULL AUTO_INCREMENT, AUTO_INCREMENT=246;

--
-- AUTO_INCREMENT for table `givertb`
--
ALTER TABLE `givertb`
  MODIFY `GIVERID_` int(6) NOT NULL AUTO_INCREMENT, AUTO_INCREMENT=71;

--
-- AUTO_INCREMENT for table `majors`
--
ALTER TABLE `majors`
  MODIFY `ID_MAJOR` int(5) NOT NULL AUTO_INCREMENT, AUTO_INCREMENT=16;

--
-- AUTO_INCREMENT for table `old_scholarship`
--
ALTER TABLE `old_scholarship`
  MODIFY `OLD_ID` int(5) NOT NULL AUTO_INCREMENT, AUTO_INCREMENT=69;

--
-- AUTO_INCREMENT for table `provincetb`
--
ALTER TABLE `provincetb`
  MODIFY `PROVINCE_ID` int(5) NOT NULL AUTO_INCREMENT, AUTO_INCREMENT=130;

--
-- AUTO_INCREMENT for table `req_scholarship`
--
ALTER TABLE `req_scholarship`
  MODIFY `R_SCHOLAR_ID` int(13) NOT NULL AUTO_INCREMENT, AUTO_INCREMENT=82;

--
-- AUTO_INCREMENT for table `req_status`
--
ALTER TABLE `req_status`
  MODIFY `REQSTATUS_ID` int(2) NOT NULL AUTO_INCREMENT, AUTO_INCREMENT=4;

--
-- AUTO_INCREMENT for table `statustb`
--
ALTER TABLE `statustb`
  MODIFY `STATUS_ID` int(11) NOT NULL AUTO_INCREMENT, AUTO_INCREMENT=7;

--
-- AUTO_INCREMENT for table `studenttb`
--
ALTER TABLE `studenttb`
  MODIFY `ST_ID` int(11) NOT NULL AUTO_INCREMENT, AUTO_INCREMENT=25;

--
-- AUTO_INCREMENT for table `subdisttb`
--
ALTER TABLE `subdisttb`
  MODIFY `SUBDIST_ID` int(11) NOT NULL AUTO_INCREMENT, AUTO_INCREMENT=8851;

--
-- Constraints for dumped tables
--

--
-- Constraints for table `employeetb`
--
ALTER TABLE `employeetb`
  ADD CONSTRAINT `employeetb_ibfk_2` FOREIGN KEY (`EM_FROM`) REFERENCES `em_from` (`EMID_FROM`),
  ADD CONSTRAINT `employeetb_ibfk_4` FOREIGN KEY (`Major`) REFERENCES `majors` (`ID_MAJOR`),
  ADD CONSTRAINT `employeetb_ibfk_5` FOREIGN KEY (`EM_DEPART`) REFERENCES `statustb` (`STATUS_ID`);

--
-- Constraints for table `formtb`
--
ALTER TABLE `formtb`
  ADD CONSTRAINT `formtb_ibfk_1` FOREIGN KEY (`ST_PROGRAMS`) REFERENCES `programtb` (`ID_PROGRAM`),
  ADD CONSTRAINT `formtb_ibfk_11` FOREIGN KEY (`CURR_PROVINCE`) REFERENCES `provincetb` (`PROVINCE_ID`),
  ADD CONSTRAINT `formtb_ibfk_13` FOREIGN KEY (`CURR_DIST`) REFERENCES `disttb` (`DISTRICT_ID`),
  ADD CONSTRAINT `formtb_ibfk_14` FOREIGN KEY (`AD_ID`) REFERENCES `employeetb` (`EM_ID`),
  ADD CONSTRAINT `formtb_ibfk_15` FOREIGN KEY (`ADVISOR_ID`) REFERENCES `employeetb` (`EM_ID`),
  ADD CONSTRAINT `formtb_ibfk_16` FOREIGN KEY (`DIRECTOR_ID`) REFERENCES `employeetb` (`EM_ID`),
  ADD CONSTRAINT `formtb_ibfk_17` FOREIGN KEY (`REQ_STATUS`) REFERENCES `req_status` (`REQSTATUS_ID`),
  ADD CONSTRAINT `formtb_ibfk_18` FOREIGN KEY (`REQ_STATUS_DIRECTOR`) REFERENCES `req_status` (`REQSTATUS_ID`),
  ADD CONSTRAINT `formtb_ibfk_2` FOREIGN KEY (`ST_MAJORS`) REFERENCES `majors` (`ID_MAJOR`),
  ADD CONSTRAINT `formtb_ibfk_3` FOREIGN KEY (`ST_FACULTS`) REFERENCES `facultytb` (`facultytb`),
  ADD CONSTRAINT `formtb_ibfk_4` FOREIGN KEY (`ST_DIST`) REFERENCES `disttb` (`DISTRICT_ID`),
  ADD CONSTRAINT `formtb_ibfk_6` FOREIGN KEY (`ST_PROVINCE`) REFERENCES `provincetb` (`PROVINCE_ID`);

--
-- Constraints for table `req_scholarship`
--
ALTER TABLE `req_scholarship`
  ADD CONSTRAINT `req_scholarship_ibfk_2` FOREIGN KEY (`BY_GIVER`) REFERENCES `givertb` (`GIVERID_`),
  ADD CONSTRAINT `req_scholarship_ibfk_3` FOREIGN KEY (`FROM_ID`) REFERENCES `formtb` (`FORM_ID`),
  ADD CONSTRAINT `req_scholarship_ibfk_4` FOREIGN KEY (`R_ID`) REFERENCES `scolartb` (`SCHOLAR_ID`);

--
-- Constraints for table `studenttb`
--
ALTER TABLE `studenttb`
  ADD CONSTRAINT `studenttb_ibfk_1` FOREIGN KEY (`ST_STATUS`) REFERENCES `statustb` (`STATUS_ID`);
COMMIT;

/*!40101 SET CHARACTER_SET_CLIENT=@OLD_CHARACTER_SET_CLIENT */;
/*!40101 SET CHARACTER_SET_RESULTS=@OLD_CHARACTER_SET_RESULTS */;
/*!40101 SET COLLATION_CONNECTION=@OLD_COLLATION_CONNECTION */;
